# 3ds Max Wavefront OBJ Exporter v0.99 - (c)2007 guruware
# File Created: 01.12.2025 15:08:01

mtllib PW_Hammer001.mtl

#
# object PW_Hammer001
#

v  0.0922 0.3845 0.0316
v  0.0893 0.3845 0.0316
v  0.0893 0.3714 0.0342
v  0.0922 0.3714 0.0342
v  0.0922 0.3956 0.0242
v  0.0893 0.3956 0.0242
v  0.0922 0.4030 0.0131
v  0.0893 0.4030 0.0131
v  0.0922 0.4056 0.0000
v  0.0893 0.4056 0.0000
v  0.0000 0.3964 0.0269
v  0.0000 0.3714 0.0318
v  0.0424 0.3714 0.0318
v  0.0424 0.3964 0.0269
v  0.0000 0.4056 0.0000
v  0.0000 0.4000 0.0234
v  0.0424 0.4000 0.0234
v  0.0424 0.4056 0.0000
v  0.0585 0.3800 0.0209
v  0.0585 0.3714 0.0226
v  0.0604 0.3714 0.0226
v  0.0604 0.3800 0.0209
v  0.0585 0.3874 0.0160
v  0.0604 0.3874 0.0160
v  0.0585 0.3923 0.0087
v  0.0604 0.3923 0.0087
v  0.0585 0.3940 0.0000
v  0.0604 0.3940 0.0000
v  0.0447 0.4038 0.0000
v  0.0446 0.3988 0.0221
v  0.0475 0.3923 0.0087
v  0.0475 0.3940 0.0000
v  0.0446 0.3953 0.0254
v  0.0448 0.3714 0.0301
v  0.0475 0.3800 0.0209
v  0.0475 0.3874 0.0160
v  0.0475 0.3714 0.0226
v  0.0632 0.3838 0.0300
v  0.0632 0.3714 0.0325
v  0.0632 0.3943 0.0230
v  0.0632 0.4014 0.0124
v  0.0632 0.4038 0.0000
v  0.0893 0.3714 -0.0342
v  0.0893 0.3845 -0.0316
v  0.0922 0.3845 -0.0316
v  0.0922 0.3714 -0.0342
v  0.0893 0.3956 -0.0242
v  0.0922 0.3956 -0.0242
v  0.0893 0.4030 -0.0131
v  0.0922 0.4030 -0.0131
v  0.0424 0.3714 -0.0318
v  0.0000 0.3714 -0.0318
v  0.0000 0.3964 -0.0269
v  0.0424 0.3964 -0.0269
v  0.0424 0.4000 -0.0234
v  0.0000 0.4000 -0.0234
v  0.0604 0.3714 -0.0226
v  0.0585 0.3714 -0.0226
v  0.0585 0.3800 -0.0209
v  0.0604 0.3800 -0.0209
v  0.0585 0.3874 -0.0160
v  0.0604 0.3874 -0.0160
v  0.0585 0.3923 -0.0087
v  0.0604 0.3923 -0.0087
v  0.0475 0.3923 -0.0087
v  0.0446 0.3988 -0.0221
v  0.0446 0.3953 -0.0254
v  0.0475 0.3874 -0.0160
v  0.0475 0.3800 -0.0209
v  0.0448 0.3714 -0.0301
v  0.0475 0.3714 -0.0226
v  0.0632 0.3838 -0.0300
v  0.0632 0.3714 -0.0325
v  0.0632 0.3943 -0.0230
v  0.0632 0.4014 -0.0124
v  0.0893 0.3583 0.0316
v  0.0922 0.3583 0.0316
v  0.0893 0.3472 0.0242
v  0.0922 0.3472 0.0242
v  0.0893 0.3397 0.0131
v  0.0922 0.3397 0.0131
v  0.0893 0.3371 0.0000
v  0.0922 0.3371 0.0000
v  -0.0000 0.3464 0.0269
v  0.0424 0.3464 0.0269
v  0.0424 0.3428 0.0234
v  -0.0000 0.3428 0.0234
v  -0.0000 0.3371 0.0000
v  0.0424 0.3371 0.0000
v  0.0585 0.3627 0.0209
v  0.0604 0.3627 0.0209
v  0.0585 0.3554 0.0160
v  0.0604 0.3554 0.0160
v  0.0585 0.3505 0.0087
v  0.0604 0.3505 0.0087
v  0.0585 0.3487 0.0000
v  0.0604 0.3487 0.0000
v  0.0447 0.3389 0.0000
v  0.0475 0.3487 0.0000
v  0.0475 0.3505 0.0087
v  0.0446 0.3440 0.0221
v  0.0446 0.3474 0.0254
v  0.0475 0.3554 0.0160
v  0.0475 0.3627 0.0209
v  0.0632 0.3589 0.0300
v  0.0632 0.3484 0.0230
v  0.0632 0.3414 0.0124
v  0.0632 0.3389 0.0000
v  0.0922 0.3583 -0.0316
v  0.0893 0.3583 -0.0316
v  0.0922 0.3472 -0.0242
v  0.0893 0.3472 -0.0242
v  0.0922 0.3397 -0.0131
v  0.0893 0.3397 -0.0131
v  -0.0000 0.3464 -0.0269
v  0.0424 0.3464 -0.0269
v  -0.0000 0.3428 -0.0234
v  0.0424 0.3428 -0.0234
v  0.0585 0.3627 -0.0209
v  0.0604 0.3627 -0.0209
v  0.0585 0.3554 -0.0160
v  0.0604 0.3554 -0.0160
v  0.0585 0.3505 -0.0087
v  0.0604 0.3505 -0.0087
v  0.0446 0.3440 -0.0221
v  0.0475 0.3505 -0.0087
v  0.0446 0.3474 -0.0254
v  0.0475 0.3627 -0.0209
v  0.0475 0.3554 -0.0160
v  0.0632 0.3589 -0.0300
v  0.0632 0.3484 -0.0230
v  0.0632 0.3414 -0.0124
v  0.0655 0.3714 0.0342
v  0.0655 0.3845 0.0316
v  0.0655 0.3956 0.0242
v  0.0655 0.4030 0.0131
v  0.0655 0.4056 0.0000
v  0.0655 0.3845 -0.0316
v  0.0655 0.3714 -0.0342
v  0.0655 0.3956 -0.0242
v  0.0655 0.4030 -0.0131
v  0.0655 0.3583 0.0316
v  0.0655 0.3472 0.0242
v  0.0655 0.3397 0.0131
v  0.0655 0.3371 0.0000
v  0.0655 0.3583 -0.0316
v  0.0655 0.3472 -0.0242
v  0.0655 0.3397 -0.0131
v  0.0935 0.3714 0.0309
v  0.0935 0.3832 0.0286
v  0.0935 0.3932 0.0219
v  0.0935 0.4000 0.0118
v  0.0935 0.4023 0.0000
v  0.0935 0.3832 -0.0286
v  0.0935 0.3714 -0.0309
v  0.0935 0.3932 -0.0219
v  0.0935 0.4000 -0.0118
v  0.0935 0.3595 0.0286
v  0.0935 0.3495 0.0219
v  0.0935 0.3428 0.0118
v  0.0935 0.3404 0.0000
v  0.0935 0.3595 -0.0286
v  0.0935 0.3495 -0.0219
v  0.0935 0.3428 -0.0118
v  0.0935 0.3714 0.0000
v  0.0494 0.3800 0.0209
v  0.0494 0.3714 0.0226
v  0.0494 0.3874 0.0160
v  0.0494 0.3923 0.0087
v  0.0494 0.3940 0.0000
v  0.0494 0.3714 -0.0226
v  0.0494 0.3800 -0.0209
v  0.0494 0.3874 -0.0160
v  0.0494 0.3923 -0.0087
v  0.0494 0.3627 0.0209
v  0.0494 0.3554 0.0160
v  0.0494 0.3505 0.0087
v  0.0494 0.3487 0.0000
v  0.0494 0.3627 -0.0209
v  0.0494 0.3554 -0.0160
v  0.0494 0.3505 -0.0087
v  0.0869 0.3714 0.0342
v  0.0869 0.3845 0.0316
v  0.0869 0.3956 0.0242
v  0.0869 0.4030 0.0131
v  0.0869 0.4056 0.0000
v  0.0869 0.3845 -0.0316
v  0.0869 0.3714 -0.0342
v  0.0869 0.3956 -0.0242
v  0.0869 0.4030 -0.0131
v  0.0869 0.3583 0.0316
v  0.0869 0.3472 0.0242
v  0.0869 0.3397 0.0131
v  0.0869 0.3371 0.0000
v  0.0869 0.3583 -0.0316
v  0.0869 0.3472 -0.0242
v  0.0869 0.3397 -0.0131
v  0.0881 0.3841 0.0307
v  0.0881 0.3714 0.0333
v  0.0881 0.3949 0.0235
v  0.0881 0.4021 0.0127
v  0.0881 0.4046 0.0000
v  0.0881 0.3714 -0.0333
v  0.0881 0.3841 -0.0307
v  0.0881 0.3949 -0.0235
v  0.0881 0.4021 -0.0127
v  0.0881 0.3586 0.0307
v  0.0881 0.3478 0.0235
v  0.0881 0.3406 0.0127
v  0.0881 0.3381 0.0000
v  0.0881 0.3586 -0.0307
v  0.0881 0.3478 -0.0235
v  0.0881 0.3406 -0.0127
v  -0.0922 0.3845 0.0316
v  -0.0922 0.3714 0.0342
v  -0.0893 0.3714 0.0342
v  -0.0893 0.3845 0.0316
v  -0.0922 0.3956 0.0242
v  -0.0893 0.3956 0.0242
v  -0.0922 0.4030 0.0131
v  -0.0893 0.4030 0.0131
v  -0.0922 0.4056 0.0000
v  -0.0893 0.4056 0.0000
v  -0.0424 0.3964 0.0269
v  -0.0424 0.3714 0.0318
v  -0.0424 0.4056 0.0000
v  -0.0424 0.4000 0.0234
v  -0.0585 0.3800 0.0209
v  -0.0604 0.3800 0.0209
v  -0.0604 0.3714 0.0226
v  -0.0585 0.3714 0.0226
v  -0.0585 0.3874 0.0160
v  -0.0604 0.3874 0.0160
v  -0.0585 0.3923 0.0087
v  -0.0604 0.3923 0.0087
v  -0.0585 0.3940 0.0000
v  -0.0604 0.3940 0.0000
v  -0.0447 0.4038 0.0000
v  -0.0475 0.3940 0.0000
v  -0.0475 0.3923 0.0087
v  -0.0446 0.3988 0.0221
v  -0.0446 0.3953 0.0254
v  -0.0475 0.3874 0.0160
v  -0.0475 0.3800 0.0209
v  -0.0448 0.3714 0.0301
v  -0.0475 0.3714 0.0226
v  -0.0632 0.3838 0.0300
v  -0.0632 0.3714 0.0325
v  -0.0632 0.3943 0.0230
v  -0.0632 0.4014 0.0124
v  -0.0632 0.4038 0.0000
v  -0.0893 0.3714 -0.0342
v  -0.0922 0.3714 -0.0342
v  -0.0922 0.3845 -0.0316
v  -0.0893 0.3845 -0.0316
v  -0.0922 0.3956 -0.0242
v  -0.0893 0.3956 -0.0242
v  -0.0922 0.4030 -0.0131
v  -0.0893 0.4030 -0.0131
v  -0.0424 0.3714 -0.0318
v  -0.0424 0.3964 -0.0269
v  -0.0424 0.4000 -0.0234
v  -0.0604 0.3714 -0.0226
v  -0.0604 0.3800 -0.0209
v  -0.0585 0.3800 -0.0209
v  -0.0585 0.3714 -0.0226
v  -0.0604 0.3874 -0.0160
v  -0.0585 0.3874 -0.0160
v  -0.0604 0.3923 -0.0087
v  -0.0585 0.3923 -0.0087
v  -0.0446 0.3988 -0.0221
v  -0.0475 0.3923 -0.0087
v  -0.0446 0.3953 -0.0254
v  -0.0448 0.3714 -0.0301
v  -0.0475 0.3800 -0.0209
v  -0.0475 0.3874 -0.0160
v  -0.0475 0.3714 -0.0226
v  -0.0632 0.3714 -0.0325
v  -0.0632 0.3838 -0.0300
v  -0.0632 0.3943 -0.0230
v  -0.0632 0.4014 -0.0124
v  -0.0922 0.3583 0.0316
v  -0.0893 0.3583 0.0316
v  -0.0922 0.3472 0.0242
v  -0.0893 0.3472 0.0242
v  -0.0922 0.3397 0.0131
v  -0.0893 0.3397 0.0131
v  -0.0922 0.3371 0.0000
v  -0.0893 0.3371 0.0000
v  -0.0424 0.3464 0.0269
v  -0.0424 0.3428 0.0234
v  -0.0424 0.3371 0.0000
v  -0.0604 0.3627 0.0209
v  -0.0585 0.3627 0.0209
v  -0.0604 0.3554 0.0160
v  -0.0585 0.3554 0.0160
v  -0.0604 0.3505 0.0087
v  -0.0585 0.3505 0.0087
v  -0.0604 0.3487 0.0000
v  -0.0585 0.3487 0.0000
v  -0.0447 0.3389 0.0000
v  -0.0446 0.3440 0.0221
v  -0.0475 0.3505 0.0087
v  -0.0475 0.3487 0.0000
v  -0.0446 0.3474 0.0254
v  -0.0475 0.3627 0.0209
v  -0.0475 0.3554 0.0160
v  -0.0632 0.3589 0.0300
v  -0.0632 0.3484 0.0230
v  -0.0632 0.3414 0.0124
v  -0.0632 0.3389 0.0000
v  -0.0922 0.3583 -0.0316
v  -0.0893 0.3583 -0.0316
v  -0.0922 0.3472 -0.0242
v  -0.0893 0.3472 -0.0242
v  -0.0922 0.3397 -0.0131
v  -0.0893 0.3397 -0.0131
v  -0.0424 0.3464 -0.0269
v  -0.0424 0.3428 -0.0234
v  -0.0585 0.3627 -0.0209
v  -0.0604 0.3627 -0.0209
v  -0.0585 0.3554 -0.0160
v  -0.0604 0.3554 -0.0160
v  -0.0585 0.3505 -0.0087
v  -0.0604 0.3505 -0.0087
v  -0.0475 0.3505 -0.0087
v  -0.0446 0.3440 -0.0221
v  -0.0446 0.3474 -0.0254
v  -0.0475 0.3554 -0.0160
v  -0.0475 0.3627 -0.0209
v  -0.0632 0.3589 -0.0300
v  -0.0632 0.3484 -0.0230
v  -0.0632 0.3414 -0.0124
v  -0.0655 0.3714 0.0342
v  -0.0655 0.3845 0.0316
v  -0.0655 0.3956 0.0242
v  -0.0655 0.4030 0.0131
v  -0.0655 0.4056 0.0000
v  -0.0655 0.3845 -0.0316
v  -0.0655 0.3714 -0.0342
v  -0.0655 0.3956 -0.0242
v  -0.0655 0.4030 -0.0131
v  -0.0655 0.3583 0.0316
v  -0.0655 0.3472 0.0242
v  -0.0655 0.3397 0.0131
v  -0.0655 0.3371 0.0000
v  -0.0655 0.3583 -0.0316
v  -0.0655 0.3472 -0.0242
v  -0.0655 0.3397 -0.0131
v  -0.0935 0.3832 0.0286
v  -0.0935 0.3714 0.0309
v  -0.0935 0.3932 0.0219
v  -0.0935 0.4000 0.0118
v  -0.0935 0.4023 0.0000
v  -0.0935 0.3714 -0.0309
v  -0.0935 0.3832 -0.0286
v  -0.0935 0.3932 -0.0219
v  -0.0935 0.4000 -0.0118
v  -0.0935 0.3595 0.0286
v  -0.0935 0.3495 0.0219
v  -0.0935 0.3428 0.0118
v  -0.0935 0.3404 0.0000
v  -0.0935 0.3595 -0.0286
v  -0.0935 0.3495 -0.0219
v  -0.0935 0.3428 -0.0118
v  -0.0935 0.3714 0.0000
v  -0.0494 0.3714 0.0226
v  -0.0494 0.3800 0.0209
v  -0.0494 0.3874 0.0160
v  -0.0494 0.3923 0.0087
v  -0.0494 0.3940 0.0000
v  -0.0494 0.3800 -0.0209
v  -0.0494 0.3714 -0.0226
v  -0.0494 0.3874 -0.0160
v  -0.0494 0.3923 -0.0087
v  -0.0494 0.3627 0.0209
v  -0.0494 0.3554 0.0160
v  -0.0494 0.3505 0.0087
v  -0.0494 0.3487 0.0000
v  -0.0494 0.3627 -0.0209
v  -0.0494 0.3554 -0.0160
v  -0.0494 0.3505 -0.0087
v  -0.0869 0.3845 0.0316
v  -0.0869 0.3714 0.0342
v  -0.0869 0.3956 0.0242
v  -0.0869 0.4030 0.0131
v  -0.0869 0.4056 0.0000
v  -0.0869 0.3714 -0.0342
v  -0.0869 0.3845 -0.0316
v  -0.0869 0.3956 -0.0242
v  -0.0869 0.4030 -0.0131
v  -0.0869 0.3583 0.0316
v  -0.0869 0.3472 0.0242
v  -0.0869 0.3397 0.0131
v  -0.0869 0.3371 0.0000
v  -0.0869 0.3583 -0.0316
v  -0.0869 0.3472 -0.0242
v  -0.0869 0.3397 -0.0131
v  -0.0881 0.3841 0.0307
v  -0.0881 0.3714 0.0333
v  -0.0881 0.3949 0.0235
v  -0.0881 0.4021 0.0127
v  -0.0881 0.4046 0.0000
v  -0.0881 0.3714 -0.0333
v  -0.0881 0.3841 -0.0307
v  -0.0881 0.3949 -0.0235
v  -0.0881 0.4021 -0.0127
v  -0.0881 0.3586 0.0307
v  -0.0881 0.3478 0.0235
v  -0.0881 0.3406 0.0127
v  -0.0881 0.3381 0.0000
v  -0.0881 0.3586 -0.0307
v  -0.0881 0.3478 -0.0235
v  -0.0881 0.3406 -0.0127
v  0.0238 0.0677 -0.0099
v  0.0238 0.0893 -0.0099
v  0.0258 0.0893 0.0000
v  0.0258 0.0677 0.0000
v  0.0182 0.0677 -0.0182
v  0.0182 0.0893 -0.0182
v  0.0099 0.0677 -0.0238
v  0.0099 0.0893 -0.0238
v  -0.0000 0.0677 -0.0258
v  -0.0000 0.0893 -0.0258
v  -0.0099 0.0677 -0.0238
v  -0.0099 0.0893 -0.0238
v  -0.0182 0.0677 -0.0182
v  -0.0182 0.0893 -0.0182
v  -0.0238 0.0677 -0.0099
v  -0.0238 0.0893 -0.0099
v  -0.0258 0.0677 -0.0000
v  -0.0258 0.0893 -0.0000
v  -0.0238 0.0677 0.0099
v  -0.0238 0.0893 0.0099
v  -0.0182 0.0677 0.0182
v  -0.0182 0.0893 0.0182
v  -0.0099 0.0677 0.0238
v  -0.0099 0.0893 0.0238
v  0.0000 0.0677 0.0258
v  0.0000 0.0893 0.0258
v  0.0099 0.0677 0.0238
v  0.0099 0.0893 0.0238
v  0.0182 0.0677 0.0182
v  0.0182 0.0893 0.0182
v  0.0238 0.0677 0.0099
v  0.0238 0.0893 0.0099
v  0.0180 0.3371 -0.0074
v  0.0195 0.3371 0.0000
v  0.0208 0.3320 0.0000
v  0.0192 0.3320 -0.0079
v  0.0138 0.3371 -0.0138
v  0.0147 0.3320 -0.0147
v  0.0074 0.3371 -0.0180
v  0.0079 0.3320 -0.0192
v  -0.0000 0.3371 -0.0195
v  -0.0000 0.3320 -0.0208
v  -0.0074 0.3371 -0.0180
v  -0.0079 0.3320 -0.0192
v  -0.0138 0.3371 -0.0138
v  -0.0147 0.3320 -0.0147
v  -0.0180 0.3371 -0.0074
v  -0.0192 0.3320 -0.0079
v  -0.0195 0.3371 0.0000
v  -0.0208 0.3320 0.0000
v  -0.0180 0.3371 0.0074
v  -0.0192 0.3320 0.0079
v  -0.0138 0.3371 0.0138
v  -0.0147 0.3320 0.0147
v  -0.0074 0.3371 0.0180
v  -0.0079 0.3320 0.0192
v  0.0000 0.3371 0.0195
v  0.0000 0.3320 0.0208
v  0.0074 0.3371 0.0180
v  0.0079 0.3320 0.0192
v  0.0138 0.3371 0.0138
v  0.0147 0.3320 0.0147
v  0.0180 0.3371 0.0074
v  0.0192 0.3320 0.0079
v  0.0206 0.2356 -0.0085
v  0.0223 0.2356 0.0000
v  0.0235 0.2218 0.0000
v  0.0217 0.2218 -0.0090
v  0.0158 0.2356 -0.0158
v  0.0166 0.2218 -0.0166
v  0.0085 0.2356 -0.0206
v  0.0090 0.2218 -0.0217
v  -0.0000 0.2356 -0.0223
v  -0.0000 0.2218 -0.0235
v  -0.0085 0.2356 -0.0206
v  -0.0090 0.2218 -0.0217
v  -0.0158 0.2356 -0.0158
v  -0.0166 0.2218 -0.0166
v  -0.0206 0.2356 -0.0085
v  -0.0217 0.2218 -0.0090
v  -0.0223 0.2356 0.0000
v  -0.0235 0.2218 0.0000
v  -0.0206 0.2356 0.0085
v  -0.0217 0.2218 0.0090
v  -0.0158 0.2356 0.0158
v  -0.0166 0.2218 0.0166
v  -0.0085 0.2356 0.0206
v  -0.0090 0.2218 0.0217
v  0.0000 0.2356 0.0223
v  0.0000 0.2218 0.0235
v  0.0085 0.2356 0.0206
v  0.0090 0.2218 0.0217
v  0.0158 0.2356 0.0158
v  0.0166 0.2218 0.0166
v  0.0206 0.2356 0.0085
v  0.0217 0.2218 0.0090
v  0.0164 0.2956 0.0000
v  0.0151 0.2956 -0.0063
v  0.0116 0.2956 -0.0116
v  0.0063 0.2956 -0.0151
v  -0.0000 0.2956 -0.0164
v  -0.0063 0.2956 -0.0151
v  -0.0116 0.2956 -0.0116
v  -0.0151 0.2956 -0.0063
v  -0.0164 0.2956 0.0000
v  -0.0151 0.2956 0.0063
v  -0.0116 0.2956 0.0116
v  -0.0063 0.2956 0.0151
v  0.0000 0.2956 0.0164
v  0.0063 0.2956 0.0151
v  0.0116 0.2956 0.0116
v  0.0151 0.2956 0.0063
v  0.0173 0.2595 -0.0071
v  0.0152 0.2775 -0.0063
v  0.0164 0.2775 0.0000
v  0.0187 0.2595 0.0000
v  0.0132 0.2595 -0.0132
v  0.0116 0.2775 -0.0116
v  0.0071 0.2595 -0.0173
v  0.0063 0.2775 -0.0152
v  -0.0000 0.2595 -0.0187
v  -0.0000 0.2775 -0.0164
v  -0.0071 0.2595 -0.0173
v  -0.0063 0.2775 -0.0152
v  -0.0132 0.2595 -0.0132
v  -0.0116 0.2775 -0.0116
v  -0.0173 0.2595 -0.0071
v  -0.0152 0.2775 -0.0063
v  -0.0187 0.2595 0.0000
v  -0.0164 0.2775 0.0000
v  -0.0173 0.2595 0.0071
v  -0.0152 0.2775 0.0063
v  -0.0132 0.2595 0.0132
v  -0.0116 0.2775 0.0116
v  -0.0071 0.2595 0.0173
v  -0.0063 0.2775 0.0152
v  0.0000 0.2595 0.0187
v  0.0000 0.2775 0.0164
v  0.0071 0.2595 0.0173
v  0.0063 0.2775 0.0152
v  0.0132 0.2595 0.0132
v  0.0116 0.2775 0.0116
v  0.0173 0.2595 0.0071
v  0.0152 0.2775 0.0063
v  0.0209 0.0948 -0.0086
v  0.0226 0.0948 0.0000
v  0.0226 0.0927 0.0000
v  0.0209 0.0927 -0.0086
v  0.0160 0.0948 -0.0160
v  0.0160 0.0927 -0.0160
v  0.0086 0.0948 -0.0209
v  0.0086 0.0927 -0.0209
v  -0.0000 0.0948 -0.0226
v  -0.0000 0.0927 -0.0226
v  -0.0086 0.0948 -0.0209
v  -0.0086 0.0927 -0.0209
v  -0.0160 0.0948 -0.0160
v  -0.0160 0.0927 -0.0160
v  -0.0209 0.0948 -0.0086
v  -0.0209 0.0927 -0.0086
v  -0.0226 0.0948 -0.0000
v  -0.0226 0.0927 -0.0000
v  -0.0209 0.0948 0.0086
v  -0.0209 0.0927 0.0086
v  -0.0160 0.0948 0.0160
v  -0.0160 0.0927 0.0160
v  -0.0086 0.0948 0.0209
v  -0.0086 0.0927 0.0209
v  0.0000 0.0948 0.0226
v  0.0000 0.0927 0.0226
v  0.0086 0.0948 0.0209
v  0.0086 0.0927 0.0209
v  0.0160 0.0948 0.0160
v  0.0160 0.0927 0.0160
v  0.0209 0.0948 0.0086
v  0.0209 0.0927 0.0086
v  0.0226 0.0654 -0.0000
v  0.0209 0.0654 -0.0086
v  0.0160 0.0654 -0.0160
v  0.0086 0.0654 -0.0209
v  -0.0000 0.0654 -0.0226
v  -0.0086 0.0654 -0.0209
v  -0.0160 0.0654 -0.0160
v  -0.0209 0.0654 -0.0086
v  -0.0226 0.0654 -0.0000
v  -0.0209 0.0654 0.0086
v  -0.0160 0.0654 0.0160
v  -0.0086 0.0654 0.0209
v  0.0000 0.0654 0.0226
v  0.0086 0.0654 0.0209
v  0.0160 0.0654 0.0160
v  0.0209 0.0654 0.0086
v  0.0000 0.0643 -0.0000
v  0.0122 0.3405 -0.0051
v  0.0132 0.3405 0.0000
v  0.0094 0.3405 -0.0094
v  0.0051 0.3405 -0.0122
v  -0.0000 0.3405 -0.0132
v  -0.0051 0.3405 -0.0122
v  -0.0094 0.3405 -0.0094
v  -0.0122 0.3405 -0.0051
v  -0.0132 0.3405 0.0000
v  -0.0122 0.3405 0.0051
v  -0.0094 0.3405 0.0094
v  -0.0051 0.3405 0.0122
v  0.0000 0.3405 0.0132
v  0.0051 0.3405 0.0122
v  0.0094 0.3405 0.0094
v  0.0122 0.3405 0.0051
v  0.0208 0.3942 0.0000
v  0.0192 0.3942 -0.0079
v  0.0163 0.4005 -0.0068
v  0.0177 0.4005 0.0000
v  0.0147 0.3942 -0.0147
v  0.0125 0.4005 -0.0125
v  0.0079 0.3942 -0.0192
v  0.0068 0.4005 -0.0163
v  -0.0000 0.3942 -0.0208
v  -0.0000 0.4005 -0.0177
v  -0.0079 0.3942 -0.0192
v  -0.0068 0.4005 -0.0163
v  -0.0147 0.3942 -0.0147
v  -0.0125 0.4005 -0.0125
v  -0.0192 0.3942 -0.0079
v  -0.0163 0.4005 -0.0068
v  -0.0208 0.3942 0.0000
v  -0.0177 0.4005 0.0000
v  -0.0192 0.3942 0.0079
v  -0.0163 0.4005 0.0068
v  -0.0147 0.3942 0.0147
v  -0.0125 0.4005 0.0125
v  -0.0079 0.3942 0.0192
v  -0.0068 0.4005 0.0163
v  0.0000 0.3942 0.0208
v  0.0000 0.4005 0.0177
v  0.0079 0.3942 0.0192
v  0.0068 0.4005 0.0163
v  0.0147 0.3942 0.0147
v  0.0125 0.4005 0.0125
v  0.0192 0.3942 0.0079
v  0.0163 0.4005 0.0068
v  0.0163 0.4161 -0.0068
v  0.0177 0.4161 0.0000
v  0.0125 0.4161 -0.0125
v  0.0068 0.4161 -0.0163
v  -0.0000 0.4161 -0.0177
v  -0.0068 0.4161 -0.0163
v  -0.0125 0.4161 -0.0125
v  -0.0163 0.4161 -0.0068
v  -0.0177 0.4161 0.0000
v  -0.0163 0.4161 0.0068
v  -0.0125 0.4161 0.0125
v  -0.0068 0.4161 0.0163
v  0.0000 0.4161 0.0177
v  0.0068 0.4161 0.0163
v  0.0125 0.4161 0.0125
v  0.0163 0.4161 0.0068
v  0.0116 0.4192 -0.0048
v  0.0126 0.4192 0.0000
v  0.0089 0.4192 -0.0089
v  0.0048 0.4192 -0.0116
v  -0.0000 0.4192 -0.0126
v  -0.0048 0.4192 -0.0116
v  -0.0089 0.4192 -0.0089
v  -0.0116 0.4192 -0.0048
v  -0.0126 0.4192 0.0000
v  -0.0116 0.4192 0.0048
v  -0.0089 0.4192 0.0089
v  -0.0048 0.4192 0.0116
v  0.0000 0.4192 0.0126
v  0.0048 0.4192 0.0116
v  0.0089 0.4192 0.0089
v  0.0116 0.4192 0.0048
v  0.0000 0.4192 0.0000
v  0.0230 0.1572 0.0000
v  0.0213 0.1572 -0.0088
v  0.0163 0.1572 -0.0163
v  0.0088 0.1572 -0.0213
v  -0.0000 0.1572 -0.0230
v  -0.0088 0.1572 -0.0213
v  -0.0163 0.1572 -0.0163
v  -0.0213 0.1572 -0.0088
v  -0.0230 0.1572 -0.0000
v  -0.0213 0.1572 0.0088
v  -0.0163 0.1572 0.0163
v  -0.0088 0.1572 0.0213
v  0.0000 0.1572 0.0230
v  0.0088 0.1572 0.0213
v  0.0163 0.1572 0.0163
v  0.0213 0.1572 0.0088
# 704 vertices

vn 0.5279 0.3250 0.7847
vn -0.3171 0.3629 0.8762
vn -0.3171 -0.0000 0.9484
vn 0.5279 -0.0000 0.8493
vn 0.5279 0.6005 0.6005
vn -0.3171 0.6706 0.6706
vn 0.5279 0.7847 0.3250
vn -0.3171 0.8762 0.3629
vn 0.5279 0.8493 0.0000
vn -0.3171 0.9484 0.0000
vn -0.0000 0.4668 0.8843
vn 0.0000 -0.0000 1.0000
vn 0.2971 -0.0002 0.9548
vn 0.3100 0.4485 0.8383
vn -0.0000 1.0000 0.0000
vn -0.0000 0.8704 0.4924
vn 0.3017 0.8246 0.4786
vn 0.3049 0.9524 -0.0013
vn -0.0000 0.3827 0.9239
vn -0.0000 -0.0000 1.0000
vn -0.6412 0.0000 0.7674
vn -0.6412 0.2937 0.7089
vn -0.0000 0.7071 0.7071
vn -0.6412 0.5426 0.5426
vn -0.0000 0.9239 0.3827
vn -0.6412 0.7089 0.2937
vn -0.0000 1.0000 -0.0000
vn -0.6412 0.7674 0.0000
vn 0.8034 0.5954 -0.0019
vn 0.8052 0.5214 0.2825
vn 0.6459 0.7105 0.2793
vn 0.6415 0.7671 -0.0000
vn 0.8115 0.2754 0.5154
vn 0.7803 -0.0003 0.6255
vn 0.6214 0.2765 0.7331
vn 0.6650 0.5266 0.5296
vn 0.6089 -0.0000 0.7932
vn -0.8078 0.2256 0.5446
vn -0.8078 0.0000 0.5894
vn -0.8078 0.4168 0.4168
vn -0.8078 0.5446 0.2256
vn -0.8078 0.5894 -0.0000
vn -0.3171 0.0000 -0.9484
vn -0.3171 0.3629 -0.8762
vn 0.5279 0.3250 -0.7847
vn 0.5279 0.0000 -0.8493
vn -0.3171 0.6706 -0.6706
vn 0.5279 0.6005 -0.6005
vn -0.3171 0.8762 -0.3629
vn 0.5279 0.7847 -0.3250
vn 0.2971 0.0002 -0.9548
vn -0.0000 0.0000 -1.0000
vn -0.0000 0.4668 -0.8843
vn 0.3099 0.4480 -0.8386
vn 0.3021 0.8252 -0.4772
vn -0.0000 0.8704 -0.4924
vn -0.6412 0.0000 -0.7674
vn -0.0000 0.3827 -0.9239
vn -0.6412 0.2937 -0.7089
vn -0.0000 0.7071 -0.7071
vn -0.6412 0.5426 -0.5426
vn -0.0000 0.9239 -0.3827
vn -0.6412 0.7089 -0.2937
vn 0.6459 0.7105 -0.2793
vn 0.8045 0.5236 -0.2804
vn 0.8115 0.2746 -0.5157
vn 0.6650 0.5266 -0.5296
vn 0.6214 0.2765 -0.7331
vn 0.7803 0.0003 -0.6255
vn 0.6089 0.0000 -0.7932
vn -0.8078 0.2256 -0.5446
vn -0.8078 0.0000 -0.5894
vn -0.8078 0.4168 -0.4168
vn -0.8078 0.5446 -0.2256
vn -0.3171 -0.3629 0.8762
vn 0.5279 -0.3250 0.7847
vn -0.3171 -0.6706 0.6706
vn 0.5279 -0.6005 0.6005
vn -0.3171 -0.8762 0.3629
vn 0.5279 -0.7847 0.3250
vn -0.3171 -0.9484 -0.0000
vn 0.5279 -0.8493 -0.0000
vn 0.0000 -0.4668 0.8843
vn 0.3099 -0.4480 0.8386
vn 0.3021 -0.8252 0.4772
vn 0.0000 -0.8704 0.4924
vn 0.0000 -1.0000 -0.0000
vn 0.3049 -0.9524 0.0013
vn -0.0000 -0.3827 0.9239
vn -0.6412 -0.2937 0.7089
vn -0.0000 -0.7071 0.7071
vn -0.6412 -0.5426 0.5426
vn -0.0000 -0.9239 0.3827
vn -0.6412 -0.7089 0.2937
vn -0.0000 -1.0000 -0.0000
vn -0.6412 -0.7674 0.0000
vn 0.8034 -0.5954 0.0019
vn 0.6415 -0.7671 -0.0000
vn 0.6459 -0.7105 0.2793
vn 0.8045 -0.5236 0.2804
vn 0.8115 -0.2746 0.5157
vn 0.6650 -0.5266 0.5296
vn 0.6214 -0.2765 0.7331
vn -0.8078 -0.2256 0.5446
vn -0.8078 -0.4168 0.4168
vn -0.8078 -0.5446 0.2256
vn -0.8078 -0.5894 0.0000
vn 0.5279 -0.3250 -0.7847
vn -0.3171 -0.3629 -0.8762
vn 0.5279 -0.6005 -0.6005
vn -0.3171 -0.6706 -0.6706
vn 0.5279 -0.7847 -0.3250
vn -0.3171 -0.8762 -0.3629
vn 0.0000 -0.4668 -0.8843
vn 0.3100 -0.4485 -0.8383
vn 0.0000 -0.8704 -0.4924
vn 0.3017 -0.8246 -0.4786
vn -0.0000 -0.3827 -0.9239
vn -0.6412 -0.2937 -0.7089
vn -0.0000 -0.7071 -0.7071
vn -0.6412 -0.5426 -0.5426
vn -0.0000 -0.9239 -0.3827
vn -0.6412 -0.7089 -0.2937
vn 0.8052 -0.5214 -0.2825
vn 0.6459 -0.7105 -0.2793
vn 0.8115 -0.2754 -0.5154
vn 0.6214 -0.2765 -0.7331
vn 0.6650 -0.5266 -0.5296
vn -0.8078 -0.2256 -0.5446
vn -0.8078 -0.4168 -0.4168
vn -0.8078 -0.5446 -0.2256
vn -0.3082 -0.0000 0.9513
vn -0.3082 0.3641 0.8789
vn -0.3082 0.6727 0.6727
vn -0.3082 0.8789 0.3641
vn -0.3082 0.9513 -0.0000
vn -0.3082 0.3641 -0.8789
vn -0.3082 0.0000 -0.9513
vn -0.3082 0.6727 -0.6727
vn -0.3082 0.8789 -0.3641
vn -0.3082 -0.3641 0.8789
vn -0.3082 -0.6727 0.6727
vn -0.3082 -0.8789 0.3641
vn -0.3082 -0.9513 0.0000
vn -0.3082 -0.3641 -0.8789
vn -0.3082 -0.6727 -0.6727
vn -0.3082 -0.8789 -0.3641
vn 0.9765 -0.0000 0.2153
vn 0.9765 0.0824 0.1989
vn 0.9765 0.1522 0.1523
vn 0.9765 0.1989 0.0824
vn 0.9765 0.2153 0.0000
vn 0.9765 0.0824 -0.1989
vn 0.9765 0.0000 -0.2153
vn 0.9765 0.1523 -0.1523
vn 0.9765 0.1989 -0.0824
vn 0.9765 -0.0824 0.1989
vn 0.9765 -0.1523 0.1522
vn 0.9765 -0.1989 0.0824
vn 0.9765 -0.2153 -0.0000
vn 0.9765 -0.0824 -0.1989
vn 0.9765 -0.1522 -0.1522
vn 0.9765 -0.1989 -0.0824
vn 1.0000 -0.0000 -0.0000
vn 0.0000 -1.0000 0.0000
vn 0.0000 -0.9239 -0.3827
vn 0.3171 -0.0000 0.9484
vn 0.3171 0.3629 0.8762
vn 0.3171 0.6706 0.6706
vn 0.3171 0.8762 0.3629
vn 0.3171 0.9484 -0.0000
vn 0.3171 0.3629 -0.8762
vn 0.3171 0.0000 -0.9484
vn 0.3171 0.6706 -0.6706
vn 0.3171 0.8762 -0.3629
vn 0.3171 -0.3629 0.8762
vn 0.3171 -0.6706 0.6706
vn 0.3171 -0.8762 0.3629
vn 0.3171 -0.9484 0.0000
vn 0.3171 -0.3629 -0.8762
vn 0.3171 -0.6706 -0.6706
vn 0.3171 -0.8762 -0.3629
vn 0.0000 0.0000 1.0000
vn 0.0000 0.0000 -1.0000
vn 0.0000 -0.7071 -0.7071
vn -0.5279 0.3250 0.7847
vn -0.5279 0.0000 0.8493
vn -0.5279 0.6005 0.6005
vn -0.5279 0.7847 0.3250
vn -0.5279 0.8493 0.0000
vn 0.3171 0.9484 0.0000
vn -0.3100 0.4485 0.8383
vn -0.2971 -0.0002 0.9548
vn -0.3049 0.9524 -0.0013
vn -0.3017 0.8246 0.4786
vn 0.0000 0.3827 0.9239
vn 0.6412 0.2937 0.7089
vn 0.6412 -0.0000 0.7674
vn 0.0000 0.7071 0.7071
vn 0.6412 0.5426 0.5426
vn 0.0000 0.9239 0.3827
vn 0.6412 0.7089 0.2937
vn 0.0000 1.0000 -0.0000
vn 0.6412 0.7674 0.0000
vn -0.8034 0.5954 -0.0019
vn -0.6415 0.7671 -0.0000
vn -0.6459 0.7105 0.2793
vn -0.8052 0.5214 0.2825
vn -0.8115 0.2754 0.5154
vn -0.6650 0.5266 0.5296
vn -0.6214 0.2765 0.7331
vn -0.7803 -0.0003 0.6255
vn -0.6089 -0.0000 0.7932
vn 0.8078 0.2256 0.5446
vn 0.8078 -0.0000 0.5894
vn 0.8078 0.4168 0.4168
vn 0.8078 0.5446 0.2256
vn 0.8078 0.5894 -0.0000
vn -0.5279 -0.0000 -0.8493
vn -0.5279 0.3250 -0.7847
vn -0.5279 0.6005 -0.6005
vn -0.5279 0.7847 -0.3250
vn -0.2971 0.0002 -0.9548
vn -0.3099 0.4480 -0.8386
vn -0.3021 0.8252 -0.4772
vn 0.6412 -0.0000 -0.7674
vn 0.6412 0.2937 -0.7089
vn 0.0000 0.3827 -0.9239
vn 0.6412 0.5426 -0.5426
vn 0.0000 0.7071 -0.7071
vn 0.6412 0.7089 -0.2937
vn 0.0000 0.9239 -0.3827
vn -0.8045 0.5236 -0.2804
vn -0.6459 0.7105 -0.2793
vn -0.8115 0.2746 -0.5157
vn -0.7803 0.0003 -0.6255
vn -0.6214 0.2765 -0.7331
vn -0.6650 0.5266 -0.5296
vn -0.6089 0.0000 -0.7932
vn 0.8078 -0.0000 -0.5894
vn 0.8078 0.2256 -0.5446
vn 0.8078 0.4168 -0.4168
vn 0.8078 0.5446 -0.2256
vn -0.5279 -0.3250 0.7847
vn -0.5279 -0.6006 0.6005
vn -0.5279 -0.7847 0.3250
vn -0.5279 -0.8493 -0.0000
vn 0.3171 -0.9484 -0.0000
vn -0.3099 -0.4480 0.8386
vn -0.3021 -0.8252 0.4772
vn -0.3049 -0.9524 0.0013
vn 0.6412 -0.2937 0.7089
vn 0.0000 -0.3827 0.9239
vn 0.6412 -0.5426 0.5426
vn 0.0000 -0.7071 0.7071
vn 0.6412 -0.7089 0.2937
vn 0.0000 -0.9239 0.3827
vn 0.6412 -0.7674 0.0000
vn -0.8034 -0.5954 0.0019
vn -0.8045 -0.5236 0.2804
vn -0.6459 -0.7105 0.2793
vn -0.6415 -0.7671 0.0000
vn -0.8115 -0.2746 0.5157
vn -0.6214 -0.2765 0.7331
vn -0.6650 -0.5266 0.5296
vn 0.8078 -0.2256 0.5446
vn 0.8078 -0.4168 0.4168
vn 0.8078 -0.5446 0.2256
vn 0.8078 -0.5894 -0.0000
vn -0.5279 -0.3250 -0.7847
vn -0.5279 -0.6005 -0.6005
vn -0.5279 -0.7847 -0.3250
vn -0.3100 -0.4485 -0.8383
vn -0.3017 -0.8246 -0.4786
vn 0.0000 -0.3827 -0.9239
vn 0.6412 -0.2937 -0.7089
vn 0.6412 -0.5426 -0.5426
vn 0.6412 -0.7089 -0.2937
vn -0.6459 -0.7105 -0.2793
vn -0.8052 -0.5214 -0.2825
vn -0.8115 -0.2754 -0.5154
vn -0.6650 -0.5266 -0.5296
vn -0.6214 -0.2765 -0.7331
vn 0.8078 -0.2256 -0.5446
vn 0.8078 -0.4168 -0.4168
vn 0.8078 -0.5446 -0.2256
vn 0.3082 -0.0000 0.9513
vn 0.3082 0.3641 0.8789
vn 0.3082 0.6727 0.6727
vn 0.3082 0.8789 0.3641
vn 0.3082 0.9513 0.0000
vn 0.3082 0.3641 -0.8789
vn 0.3082 0.0000 -0.9513
vn 0.3082 0.6727 -0.6727
vn 0.3082 0.8789 -0.3641
vn 0.3082 -0.3641 0.8789
vn 0.3082 -0.6727 0.6727
vn 0.3082 -0.8789 0.3641
vn 0.3082 -0.9513 -0.0000
vn 0.3082 -0.3641 -0.8789
vn 0.3082 -0.6727 -0.6727
vn 0.3082 -0.8789 -0.3641
vn -0.9765 0.0824 0.1989
vn -0.9765 0.0000 0.2153
vn -0.9765 0.1523 0.1522
vn -0.9765 0.1989 0.0824
vn -0.9765 0.2153 0.0000
vn -0.9765 -0.0000 -0.2153
vn -0.9765 0.0824 -0.1989
vn -0.9765 0.1522 -0.1522
vn -0.9765 0.1989 -0.0824
vn -0.9765 -0.0824 0.1989
vn -0.9765 -0.1523 0.1523
vn -0.9765 -0.1989 0.0824
vn -0.9765 -0.2153 -0.0000
vn -0.9765 -0.0824 -0.1989
vn -0.9765 -0.1523 -0.1523
vn -0.9765 -0.1989 -0.0824
vn -1.0000 0.0000 -0.0000
vn 0.0000 1.0000 0.0000
vn -0.3171 0.9484 -0.0000
vn -0.3171 -0.9484 0.0000
vn -0.0000 0.0000 1.0000
vn -0.0000 -1.0000 0.0000
vn 0.8324 -0.4338 -0.3448
vn 0.8643 0.3534 -0.3580
vn 0.9355 0.3534 -0.0000
vn 0.9010 -0.4338 -0.0000
vn 0.6371 -0.4338 -0.6371
vn 0.6615 0.3534 -0.6615
vn 0.3448 -0.4338 -0.8324
vn 0.3580 0.3534 -0.8643
vn 0.0000 -0.4338 -0.9010
vn 0.0000 0.3534 -0.9355
vn -0.3448 -0.4338 -0.8324
vn -0.3580 0.3534 -0.8643
vn -0.6371 -0.4338 -0.6371
vn -0.6615 0.3534 -0.6615
vn -0.8324 -0.4338 -0.3448
vn -0.8643 0.3534 -0.3580
vn -0.9010 -0.4338 -0.0000
vn -0.9355 0.3534 -0.0000
vn -0.8324 -0.4338 0.3448
vn -0.8643 0.3534 0.3580
vn -0.6371 -0.4338 0.6371
vn -0.6615 0.3534 0.6615
vn -0.3448 -0.4338 0.8324
vn -0.3580 0.3534 0.8643
vn -0.0000 -0.4338 0.9010
vn 0.0000 0.3534 0.9355
vn 0.3448 -0.4338 0.8324
vn 0.3580 0.3534 0.8643
vn 0.6371 -0.4338 0.6371
vn 0.6615 0.3534 0.6615
vn 0.8324 -0.4338 0.3448
vn 0.8643 0.3534 0.3580
vn 0.7452 0.5911 -0.3087
vn 0.8066 0.5911 -0.0000
vn 0.9979 0.0650 -0.0000
vn 0.9219 0.0650 -0.3819
vn 0.5704 0.5911 -0.5704
vn 0.7056 0.0650 -0.7056
vn 0.3087 0.5911 -0.7452
vn 0.3819 0.0650 -0.9219
vn 0.0000 0.5911 -0.8066
vn 0.0000 0.0650 -0.9979
vn -0.3087 0.5911 -0.7452
vn -0.3819 0.0650 -0.9219
vn -0.5704 0.5911 -0.5704
vn -0.7056 0.0650 -0.7056
vn -0.7452 0.5911 -0.3087
vn -0.9219 0.0650 -0.3819
vn -0.8066 0.5911 -0.0000
vn -0.9979 0.0650 -0.0000
vn -0.7452 0.5911 0.3087
vn -0.9219 0.0650 0.3819
vn -0.5704 0.5911 0.5704
vn -0.7056 0.0650 0.7056
vn -0.3087 0.5911 0.7452
vn -0.3819 0.0650 0.9219
vn -0.0000 0.5911 0.8066
vn -0.0000 0.0650 0.9979
vn 0.3087 0.5911 0.7452
vn 0.3819 0.0650 0.9219
vn 0.5704 0.5911 0.5704
vn 0.7056 0.0650 0.7056
vn 0.7452 0.5911 0.3087
vn 0.9219 0.0650 0.3819
vn 0.9176 0.1164 -0.3801
vn 0.9932 0.1164 -0.0000
vn 0.9992 0.0389 -0.0000
vn 0.9232 0.0389 -0.3824
vn 0.7023 0.1164 -0.7023
vn 0.7066 0.0389 -0.7066
vn 0.3801 0.1164 -0.9176
vn 0.3824 0.0389 -0.9232
vn 0.0000 0.1164 -0.9932
vn 0.0000 0.0389 -0.9992
vn -0.3801 0.1164 -0.9176
vn -0.3824 0.0389 -0.9232
vn -0.7023 0.1164 -0.7023
vn -0.7066 0.0389 -0.7066
vn -0.9176 0.1164 -0.3801
vn -0.9232 0.0389 -0.3824
vn -0.9932 0.1164 -0.0000
vn -0.9992 0.0389 -0.0000
vn -0.9176 0.1164 0.3801
vn -0.9232 0.0389 0.3824
vn -0.7023 0.1164 0.7023
vn -0.7066 0.0389 0.7066
vn -0.3801 0.1164 0.9176
vn -0.3824 0.0389 0.9232
vn -0.0000 0.1164 0.9932
vn -0.0000 0.0389 0.9992
vn 0.3801 0.1164 0.9176
vn 0.3824 0.0389 0.9232
vn 0.7023 0.1164 0.7023
vn 0.7066 0.0389 0.7066
vn 0.9176 0.1164 0.3801
vn 0.9232 0.0389 0.3824
vn 0.9983 -0.0583 -0.0000
vn 0.9223 -0.0583 -0.3820
vn 0.7059 -0.0583 -0.7059
vn 0.3820 -0.0583 -0.9223
vn -0.0000 -0.0583 -0.9983
vn -0.3820 -0.0583 -0.9223
vn -0.7059 -0.0583 -0.7059
vn -0.9223 -0.0583 -0.3820
vn -0.9983 -0.0583 -0.0000
vn -0.9223 -0.0583 0.3820
vn -0.7059 -0.0583 0.7059
vn -0.3820 -0.0583 0.9223
vn 0.0000 -0.0583 0.9983
vn 0.3820 -0.0583 0.9223
vn 0.7059 -0.0583 0.7059
vn 0.9223 -0.0583 0.3820
vn 0.9153 0.1360 -0.3791
vn 0.9220 0.0644 -0.3819
vn 0.9979 0.0644 -0.0000
vn 0.9907 0.1360 -0.0000
vn 0.7005 0.1360 -0.7005
vn 0.7056 0.0644 -0.7056
vn 0.3791 0.1360 -0.9153
vn 0.3819 0.0644 -0.9220
vn 0.0000 0.1360 -0.9907
vn -0.0000 0.0644 -0.9979
vn -0.3791 0.1360 -0.9153
vn -0.3819 0.0644 -0.9220
vn -0.7005 0.1360 -0.7005
vn -0.7056 0.0644 -0.7056
vn -0.9153 0.1360 -0.3791
vn -0.9220 0.0644 -0.3819
vn -0.9907 0.1360 -0.0000
vn -0.9979 0.0644 -0.0000
vn -0.9153 0.1360 0.3791
vn -0.9220 0.0644 0.3819
vn -0.7005 0.1360 0.7005
vn -0.7056 0.0644 0.7056
vn -0.3791 0.1360 0.9153
vn -0.3819 0.0644 0.9220
vn 0.0000 0.1360 0.9907
vn 0.0000 0.0644 0.9979
vn 0.3791 0.1360 0.9153
vn 0.3819 0.0644 0.9220
vn 0.7005 0.1360 0.7005
vn 0.7056 0.0644 0.7056
vn 0.9153 0.1360 0.3791
vn 0.9220 0.0644 0.3819
vn 0.9239 -0.0068 -0.3827
vn 1.0000 -0.0068 -0.0000
vn 0.9243 0.3817 -0.0000
vn 0.8539 0.3817 -0.3537
vn 0.7071 -0.0068 -0.7071
vn 0.6536 0.3817 -0.6536
vn 0.3827 -0.0068 -0.9239
vn 0.3537 0.3817 -0.8539
vn 0.0000 -0.0068 -1.0000
vn 0.0000 0.3817 -0.9243
vn -0.3827 -0.0068 -0.9239
vn -0.3537 0.3817 -0.8539
vn -0.7071 -0.0068 -0.7071
vn -0.6536 0.3817 -0.6536
vn -0.9239 -0.0068 -0.3827
vn -0.8539 0.3817 -0.3537
vn -1.0000 -0.0068 -0.0000
vn -0.9243 0.3817 -0.0000
vn -0.9239 -0.0068 0.3827
vn -0.8539 0.3817 0.3537
vn -0.7071 -0.0068 0.7071
vn -0.6536 0.3817 0.6536
vn -0.3827 -0.0068 0.9239
vn -0.3537 0.3817 0.8539
vn -0.0000 -0.0068 1.0000
vn 0.0000 0.3817 0.9243
vn 0.3827 -0.0068 0.9239
vn 0.3537 0.3817 0.8539
vn 0.7071 -0.0068 0.7071
vn 0.6536 0.3817 0.6536
vn 0.9239 -0.0068 0.3827
vn 0.8539 0.3817 0.3537
vn 0.3621 -0.9321 -0.0000
vn 0.3346 -0.9321 -0.1386
vn 0.2561 -0.9321 -0.2561
vn 0.1386 -0.9321 -0.3346
vn 0.0000 -0.9321 -0.3621
vn -0.1386 -0.9321 -0.3346
vn -0.2561 -0.9321 -0.2561
vn -0.3346 -0.9321 -0.1386
vn -0.3621 -0.9321 -0.0000
vn -0.3346 -0.9321 0.1386
vn -0.2561 -0.9321 0.2561
vn -0.1386 -0.9321 0.3346
vn -0.0000 -0.9321 0.3621
vn 0.1386 -0.9321 0.3346
vn 0.2561 -0.9321 0.2561
vn 0.3346 -0.9321 0.1386
vn 0.4449 0.8764 -0.1843
vn 0.4815 0.8764 -0.0000
vn 0.3405 0.8764 -0.3405
vn 0.1843 0.8764 -0.4449
vn 0.0000 0.8764 -0.4815
vn -0.1843 0.8764 -0.4449
vn -0.3405 0.8764 -0.3405
vn -0.4449 0.8764 -0.1843
vn -0.4815 0.8764 -0.0000
vn -0.4449 0.8764 0.1843
vn -0.3405 0.8764 0.3405
vn -0.1843 0.8764 0.4449
vn -0.0000 0.8764 0.4815
vn 0.1843 0.8764 0.4449
vn 0.3405 0.8764 0.3405
vn 0.4449 0.8764 0.1843
vn 0.9007 0.4343 -0.0000
vn 0.8322 0.4343 -0.3447
vn 0.8993 0.2290 -0.3725
vn 0.9734 0.2290 -0.0000
vn 0.6369 0.4343 -0.6369
vn 0.6883 0.2290 -0.6883
vn 0.3447 0.4343 -0.8322
vn 0.3725 0.2290 -0.8993
vn 0.0000 0.4343 -0.9007
vn 0.0000 0.2290 -0.9734
vn -0.3447 0.4343 -0.8322
vn -0.3725 0.2290 -0.8993
vn -0.6369 0.4343 -0.6369
vn -0.6883 0.2290 -0.6883
vn -0.8322 0.4343 -0.3447
vn -0.8993 0.2290 -0.3725
vn -0.9007 0.4343 -0.0000
vn -0.9734 0.2290 -0.0000
vn -0.8322 0.4343 0.3447
vn -0.8993 0.2290 0.3725
vn -0.6369 0.4343 0.6369
vn -0.6883 0.2290 0.6883
vn -0.3447 0.4343 0.8322
vn -0.3725 0.2290 0.8993
vn -0.0000 0.4343 0.9007
vn -0.0000 0.2290 0.9734
vn 0.3447 0.4343 0.8322
vn 0.3725 0.2290 0.8993
vn 0.6369 0.4343 0.6369
vn 0.6883 0.2290 0.6883
vn 0.8322 0.4343 0.3447
vn 0.8993 0.2290 0.3725
vn 0.8177 0.4655 -0.3387
vn 0.8850 0.4655 -0.0000
vn 0.6258 0.4655 -0.6258
vn 0.3387 0.4655 -0.8177
vn 0.0000 0.4655 -0.8850
vn -0.3387 0.4655 -0.8177
vn -0.6258 0.4655 -0.6258
vn -0.8177 0.4655 -0.3387
vn -0.8850 0.4655 -0.0000
vn -0.8177 0.4655 0.3387
vn -0.6258 0.4655 0.6258
vn -0.3387 0.4655 0.8177
vn -0.0000 0.4655 0.8850
vn 0.3387 0.4655 0.8177
vn 0.6258 0.4655 0.6258
vn 0.8177 0.4655 0.3387
vn 0.2779 0.9537 -0.1151
vn 0.3008 0.9537 -0.0000
vn 0.2127 0.9537 -0.2127
vn 0.1151 0.9537 -0.2779
vn 0.0000 0.9537 -0.3008
vn -0.1151 0.9537 -0.2779
vn -0.2127 0.9537 -0.2127
vn -0.2779 0.9537 -0.1151
vn -0.3008 0.9537 -0.0000
vn -0.2779 0.9537 0.1151
vn -0.2127 0.9537 0.2127
vn -0.1151 0.9537 0.2779
vn -0.0000 0.9537 0.3008
vn 0.1151 0.9537 0.2779
vn 0.2127 0.9537 0.2127
vn 0.2779 0.9537 0.1151
# 596 vertex normals

vt 0.1793 0.8297 0.0000
vt 0.1873 0.8318 0.0000
vt 0.1722 0.8443 0.0000
vt 0.1648 0.8415 0.0000
vt 0.1893 0.8172 0.0000
vt 0.1977 0.8186 0.0000
vt 0.1952 0.8044 0.0000
vt 0.2038 0.8050 0.0000
vt 0.1972 0.7913 0.0000
vt 0.2058 0.7913 0.0000
vt 0.4954 0.8440 0.0000
vt 0.4934 0.8865 0.0000
vt 0.3513 0.8791 0.0000
vt 0.3720 0.8378 0.0000
vt 0.4979 0.7925 0.0000
vt 0.4958 0.8350 0.0000
vt 0.3736 0.8300 0.0000
vt 0.3728 0.7914 0.0000
vt 0.2959 0.8514 0.0000
vt 0.2838 0.8699 0.0000
vt 0.2783 0.8691 0.0000
vt 0.2907 0.8508 0.0000
vt 0.3045 0.8318 0.0000
vt 0.2998 0.8314 0.0000
vt 0.3097 0.8116 0.0000
vt 0.3053 0.8115 0.0000
vt 0.3111 0.7912 0.0000
vt 0.3064 0.7911 0.0000
vt 0.3643 0.7914 0.0000
vt 0.3659 0.8292 0.0000
vt 0.3365 0.8124 0.0000
vt 0.3388 0.7912 0.0000
vt 0.3640 0.8371 0.0000
vt 0.3414 0.8778 0.0000
vt 0.3269 0.8546 0.0000
vt 0.3326 0.8338 0.0000
vt 0.3179 0.8746 0.0000
vt 0.2634 0.8467 0.0000
vt 0.2476 0.8638 0.0000
vt 0.2744 0.8287 0.0000
vt 0.2810 0.8100 0.0000
vt 0.2841 0.7911 0.0000
vt 0.1721 0.7388 0.0000
vt 0.1872 0.7510 0.0000
vt 0.1793 0.7532 0.0000
vt 0.1648 0.7417 0.0000
vt 0.1977 0.7640 0.0000
vt 0.1894 0.7655 0.0000
vt 0.2038 0.7775 0.0000
vt 0.1953 0.7783 0.0000
vt 0.3559 0.7037 0.0000
vt 0.5025 0.6991 0.0000
vt 0.5004 0.7412 0.0000
vt 0.3747 0.7451 0.0000
vt 0.3759 0.7529 0.0000
vt 0.5000 0.7502 0.0000
vt 0.2803 0.7130 0.0000
vt 0.2860 0.7123 0.0000
vt 0.2974 0.7310 0.0000
vt 0.2921 0.7316 0.0000
vt 0.3056 0.7505 0.0000
vt 0.3009 0.7508 0.0000
vt 0.3103 0.7707 0.0000
vt 0.3059 0.7708 0.0000
vt 0.3375 0.7701 0.0000
vt 0.3681 0.7536 0.0000
vt 0.3665 0.7457 0.0000
vt 0.3345 0.7487 0.0000
vt 0.3298 0.7278 0.0000
vt 0.3457 0.7049 0.0000
vt 0.3212 0.7080 0.0000
vt 0.2644 0.7356 0.0000
vt 0.2490 0.7186 0.0000
vt 0.2751 0.7537 0.0000
vt 0.2814 0.7723 0.0000
vt 0.1523 0.8559 0.0000
vt 0.1455 0.8526 0.0000
vt 0.1271 0.8665 0.0000
vt 0.1208 0.8626 0.0000
vt 0.0961 0.8759 0.0000
vt 0.0902 0.8712 0.0000
vt 0.0586 0.8851 0.0000
vt 0.0519 0.8786 0.0000
vt 0.4913 0.9308 0.0000
vt 0.3404 0.9195 0.0000
vt 0.3367 0.9272 0.0000
vt 0.4908 0.9397 0.0000
vt 0.4888 0.9836 0.0000
vt 0.3031 0.9602 0.0000
vt 0.2675 0.8871 0.0000
vt 0.2612 0.8860 0.0000
vt 0.2491 0.9030 0.0000
vt 0.2421 0.9017 0.0000
vt 0.2303 0.9178 0.0000
vt 0.2224 0.9163 0.0000
vt 0.2136 0.9314 0.0000
vt 0.2055 0.9300 0.0000
vt 0.2922 0.9561 0.0000
vt 0.2579 0.9412 0.0000
vt 0.2749 0.9275 0.0000
vt 0.3269 0.9255 0.0000
vt 0.3308 0.9182 0.0000
vt 0.2901 0.9108 0.0000
vt 0.3056 0.8933 0.0000
vt 0.2287 0.8801 0.0000
vt 0.2060 0.8951 0.0000
vt 0.1814 0.9098 0.0000
vt 0.1583 0.9260 0.0000
vt 0.1453 0.7310 0.0000
vt 0.1520 0.7276 0.0000
vt 0.1205 0.7218 0.0000
vt 0.1266 0.7177 0.0000
vt 0.0899 0.7143 0.0000
vt 0.0955 0.7094 0.0000
vt 0.0514 0.7088 0.0000
vt 0.0580 0.7024 0.0000
vt 0.5047 0.6550 0.0000
vt 0.3473 0.6634 0.0000
vt 0.5073 0.6025 0.0000
vt 0.5051 0.6462 0.0000
vt 0.3440 0.6558 0.0000
vt 0.3126 0.6224 0.0000
vt 0.2698 0.6953 0.0000
vt 0.2632 0.6964 0.0000
vt 0.2512 0.6793 0.0000
vt 0.2438 0.6807 0.0000
vt 0.2319 0.6646 0.0000
vt 0.2235 0.6661 0.0000
vt 0.2145 0.6509 0.0000
vt 0.2057 0.6524 0.0000
vt 0.3008 0.6264 0.0000
vt 0.3339 0.6573 0.0000
vt 0.2797 0.6548 0.0000
vt 0.2633 0.6410 0.0000
vt 0.3374 0.6646 0.0000
vt 0.3096 0.6892 0.0000
vt 0.2945 0.6715 0.0000
vt 0.2300 0.7025 0.0000
vt 0.2069 0.6876 0.0000
vt 0.1809 0.6731 0.0000
vt 0.1546 0.6566 0.0000
vt 0.2394 0.8622 0.0000
vt 0.2553 0.8455 0.0000
vt 0.2664 0.8279 0.0000
vt 0.2732 0.8097 0.0000
vt 0.2760 0.7912 0.0000
vt 0.2562 0.7369 0.0000
vt 0.2406 0.7203 0.0000
vt 0.2671 0.7545 0.0000
vt 0.2735 0.7727 0.0000
vt 0.2199 0.8780 0.0000
vt 0.1964 0.8928 0.0000
vt 0.1705 0.9073 0.0000
vt 0.1448 0.9236 0.0000
vt 0.2211 0.7046 0.0000
vt 0.1972 0.6901 0.0000
vt 0.1699 0.6758 0.0000
vt 0.1403 0.6593 0.0000
vt 0.1558 0.8380 0.0000
vt 0.1695 0.8270 0.0000
vt 0.1789 0.8154 0.0000
vt 0.1845 0.8035 0.0000
vt 0.1863 0.7914 0.0000
vt 0.1696 0.7561 0.0000
vt 0.1558 0.7454 0.0000
vt 0.1790 0.7676 0.0000
vt 0.1845 0.7794 0.0000
vt 0.1374 0.8483 0.0000
vt 0.1136 0.8575 0.0000
vt 0.0838 0.8650 0.0000
vt 0.0466 0.8696 0.0000
vt 0.1373 0.7355 0.0000
vt 0.1136 0.7271 0.0000
vt 0.0838 0.7206 0.0000
vt 0.0470 0.7176 0.0000
vt 0.0757 0.7925 0.0000
vt 0.3215 0.8540 0.0000
vt 0.3120 0.8738 0.0000
vt 0.3278 0.8335 0.0000
vt 0.3319 0.8123 0.0000
vt 0.3340 0.7912 0.0000
vt 0.3150 0.7088 0.0000
vt 0.3242 0.7283 0.0000
vt 0.3296 0.7490 0.0000
vt 0.3328 0.7702 0.0000
vt 0.2990 0.8922 0.0000
vt 0.2833 0.9095 0.0000
vt 0.2675 0.9256 0.0000
vt 0.2505 0.9393 0.0000
vt 0.3027 0.6902 0.0000
vt 0.2872 0.6728 0.0000
vt 0.2716 0.6567 0.0000
vt 0.2552 0.6429 0.0000
vt 0.1804 0.8470 0.0000
vt 0.1958 0.8339 0.0000
vt 0.2066 0.8200 0.0000
vt 0.2129 0.8057 0.0000
vt 0.2151 0.7912 0.0000
vt 0.1958 0.7488 0.0000
vt 0.1802 0.7359 0.0000
vt 0.2066 0.7624 0.0000
vt 0.2130 0.7767 0.0000
vt 0.1601 0.8592 0.0000
vt 0.1344 0.8705 0.0000
vt 0.1034 0.8809 0.0000
vt 0.0666 0.8920 0.0000
vt 0.1595 0.7241 0.0000
vt 0.1336 0.7135 0.0000
vt 0.1022 0.7041 0.0000
vt 0.0660 0.6955 0.0000
vt 0.1915 0.8328 0.0000
vt 0.1763 0.8457 0.0000
vt 0.2021 0.8193 0.0000
vt 0.2083 0.8054 0.0000
vt 0.2104 0.7912 0.0000
vt 0.1761 0.7373 0.0000
vt 0.1915 0.7499 0.0000
vt 0.2021 0.7632 0.0000
vt 0.2084 0.7771 0.0000
vt 0.1562 0.8576 0.0000
vt 0.1307 0.8685 0.0000
vt 0.0996 0.8784 0.0000
vt 0.0631 0.8884 0.0000
vt 0.1557 0.7258 0.0000
vt 0.1300 0.7156 0.0000
vt 0.0988 0.7067 0.0000
vt 0.0624 0.6990 0.0000
vt 0.8124 0.8374 0.0000
vt 0.8258 0.8495 0.0000
vt 0.8181 0.8521 0.0000
vt 0.8043 0.8392 0.0000
vt 0.8036 0.8247 0.0000
vt 0.7952 0.8258 0.0000
vt 0.7990 0.8117 0.0000
vt 0.7904 0.8121 0.0000
vt 0.7983 0.7986 0.0000
vt 0.7897 0.7983 0.0000
vt 0.6193 0.8407 0.0000
vt 0.6360 0.8825 0.0000
vt 0.6230 0.7944 0.0000
vt 0.6184 0.8330 0.0000
vt 0.6939 0.8562 0.0000
vt 0.6991 0.8557 0.0000
vt 0.7098 0.8744 0.0000
vt 0.7043 0.8749 0.0000
vt 0.6872 0.8364 0.0000
vt 0.6919 0.8362 0.0000
vt 0.6840 0.8161 0.0000
vt 0.6884 0.8161 0.0000
vt 0.6846 0.7957 0.0000
vt 0.6893 0.7958 0.0000
vt 0.6315 0.7946 0.0000
vt 0.6569 0.7951 0.0000
vt 0.6572 0.8163 0.0000
vt 0.6262 0.8324 0.0000
vt 0.6273 0.8402 0.0000
vt 0.6590 0.8377 0.0000
vt 0.6627 0.8586 0.0000
vt 0.6460 0.8815 0.0000
vt 0.6698 0.8788 0.0000
vt 0.7268 0.8523 0.0000
vt 0.7409 0.8698 0.0000
vt 0.7176 0.8340 0.0000
vt 0.7128 0.8152 0.0000
vt 0.7116 0.7963 0.0000
vt 0.8286 0.7468 0.0000
vt 0.8356 0.7498 0.0000
vt 0.8199 0.7610 0.0000
vt 0.8123 0.7586 0.0000
vt 0.8087 0.7731 0.0000
vt 0.8005 0.7713 0.0000
vt 0.8015 0.7857 0.0000
vt 0.7931 0.7847 0.0000
vt 0.6484 0.7072 0.0000
vt 0.6256 0.7482 0.0000
vt 0.6237 0.7559 0.0000
vt 0.7230 0.7184 0.0000
vt 0.7094 0.7366 0.0000
vt 0.7042 0.7360 0.0000
vt 0.7174 0.7175 0.0000
vt 0.6988 0.7556 0.0000
vt 0.6941 0.7552 0.0000
vt 0.6918 0.7754 0.0000
vt 0.6874 0.7752 0.0000
vt 0.6314 0.7567 0.0000
vt 0.6604 0.7740 0.0000
vt 0.6337 0.7490 0.0000
vt 0.6586 0.7087 0.0000
vt 0.6722 0.7320 0.0000
vt 0.6654 0.7527 0.0000
vt 0.6828 0.7124 0.0000
vt 0.7538 0.7248 0.0000
vt 0.7367 0.7414 0.0000
vt 0.7243 0.7591 0.0000
vt 0.7162 0.7776 0.0000
vt 0.8440 0.8611 0.0000
vt 0.8368 0.8642 0.0000
vt 0.8677 0.8716 0.0000
vt 0.8611 0.8753 0.0000
vt 0.8975 0.8809 0.0000
vt 0.8911 0.8855 0.0000
vt 0.9350 0.8893 0.0000
vt 0.9277 0.8956 0.0000
vt 0.6430 0.9232 0.0000
vt 0.6460 0.9309 0.0000
vt 0.6764 0.9647 0.0000
vt 0.7253 0.8916 0.0000
vt 0.7189 0.8925 0.0000
vt 0.7429 0.9077 0.0000
vt 0.7358 0.9089 0.0000
vt 0.7611 0.9228 0.0000
vt 0.7531 0.9241 0.0000
vt 0.7768 0.9369 0.0000
vt 0.7686 0.9381 0.0000
vt 0.6877 0.9608 0.0000
vt 0.6559 0.9295 0.0000
vt 0.7077 0.9327 0.0000
vt 0.7234 0.9468 0.0000
vt 0.6527 0.9221 0.0000
vt 0.6802 0.8978 0.0000
vt 0.6940 0.9157 0.0000
vt 0.7583 0.8865 0.0000
vt 0.7795 0.9021 0.0000
vt 0.8027 0.9173 0.0000
vt 0.8243 0.9341 0.0000
vt 0.8561 0.7397 0.0000
vt 0.8498 0.7361 0.0000
vt 0.8818 0.7311 0.0000
vt 0.8762 0.7269 0.0000
vt 0.9131 0.7244 0.0000
vt 0.9081 0.7193 0.0000
vt 0.9521 0.7199 0.0000
vt 0.9462 0.7133 0.0000
vt 0.6611 0.6673 0.0000
vt 0.6998 0.6271 0.0000
vt 0.6651 0.6597 0.0000
vt 0.7354 0.7009 0.0000
vt 0.7418 0.7022 0.0000
vt 0.7555 0.6855 0.0000
vt 0.7627 0.6870 0.0000
vt 0.7763 0.6712 0.0000
vt 0.7845 0.6729 0.0000
vt 0.7951 0.6580 0.0000
vt 0.8037 0.6597 0.0000
vt 0.7111 0.6314 0.0000
vt 0.7472 0.6469 0.0000
vt 0.7294 0.6603 0.0000
vt 0.6751 0.6614 0.0000
vt 0.6708 0.6687 0.0000
vt 0.7130 0.6766 0.0000
vt 0.6961 0.6939 0.0000
vt 0.7743 0.7091 0.0000
vt 0.7989 0.6948 0.0000
vt 0.8264 0.6810 0.0000
vt 0.8543 0.6652 0.0000
vt 0.7493 0.8684 0.0000
vt 0.7350 0.8513 0.0000
vt 0.7256 0.8334 0.0000
vt 0.7206 0.8151 0.0000
vt 0.7196 0.7965 0.0000
vt 0.7447 0.7429 0.0000
vt 0.7620 0.7267 0.0000
vt 0.7321 0.7602 0.0000
vt 0.7239 0.7782 0.0000
vt 0.7673 0.8846 0.0000
vt 0.7893 0.8999 0.0000
vt 0.8138 0.9151 0.0000
vt 0.8380 0.9319 0.0000
vt 0.7830 0.7115 0.0000
vt 0.8084 0.6976 0.0000
vt 0.8371 0.6840 0.0000
vt 0.8683 0.6683 0.0000
vt 0.8225 0.8349 0.0000
vt 0.8351 0.8463 0.0000
vt 0.8142 0.8231 0.0000
vt 0.8099 0.8111 0.0000
vt 0.8092 0.7990 0.0000
vt 0.8442 0.7538 0.0000
vt 0.8294 0.7642 0.0000
vt 0.8188 0.7753 0.0000
vt 0.8122 0.7870 0.0000
vt 0.8525 0.8570 0.0000
vt 0.8754 0.8667 0.0000
vt 0.9045 0.8749 0.0000
vt 0.9412 0.8804 0.0000
vt 0.8636 0.7444 0.0000
vt 0.8882 0.7365 0.0000
vt 0.9186 0.7309 0.0000
vt 0.9557 0.7288 0.0000
vt 0.9196 0.8028 0.0000
vt 0.6757 0.8782 0.0000
vt 0.6682 0.8582 0.0000
vt 0.6638 0.8375 0.0000
vt 0.6617 0.8163 0.0000
vt 0.6617 0.7952 0.0000
vt 0.6777 0.7326 0.0000
vt 0.6889 0.7133 0.0000
vt 0.6703 0.7531 0.0000
vt 0.6650 0.7742 0.0000
vt 0.6869 0.8969 0.0000
vt 0.7010 0.9145 0.0000
vt 0.7153 0.9310 0.0000
vt 0.7310 0.9451 0.0000
vt 0.7030 0.6951 0.0000
vt 0.7202 0.6781 0.0000
vt 0.7373 0.6623 0.0000
vt 0.7552 0.6490 0.0000
vt 0.7955 0.8411 0.0000
vt 0.8097 0.8546 0.0000
vt 0.7861 0.8270 0.0000
vt 0.7812 0.8126 0.0000
vt 0.7805 0.7980 0.0000
vt 0.8208 0.7437 0.0000
vt 0.8039 0.7562 0.0000
vt 0.7918 0.7696 0.0000
vt 0.7840 0.7836 0.0000
vt 0.8288 0.8673 0.0000
vt 0.8533 0.8791 0.0000
vt 0.8834 0.8903 0.0000
vt 0.9190 0.9023 0.0000
vt 0.8426 0.7324 0.0000
vt 0.8695 0.7225 0.0000
vt 0.9018 0.7139 0.0000
vt 0.9389 0.7062 0.0000
vt 0.7999 0.8402 0.0000
vt 0.8139 0.8534 0.0000
vt 0.7907 0.8264 0.0000
vt 0.7858 0.8124 0.0000
vt 0.7851 0.7982 0.0000
vt 0.8247 0.7452 0.0000
vt 0.8081 0.7574 0.0000
vt 0.7962 0.7704 0.0000
vt 0.7886 0.7841 0.0000
vt 0.8329 0.8658 0.0000
vt 0.8573 0.8773 0.0000
vt 0.8873 0.8879 0.0000
vt 0.9229 0.8988 0.0000
vt 0.8462 0.7342 0.0000
vt 0.8729 0.7247 0.0000
vt 0.9050 0.7166 0.0000
vt 0.9421 0.7098 0.0000
vt 0.1082 0.0428 0.0000
vt 0.0845 0.0866 0.0000
vt 0.0458 0.0813 0.0000
vt 0.0802 0.0317 0.0000
vt 0.1372 0.0511 0.0000
vt 0.1214 0.0914 0.0000
vt 0.1672 0.0565 0.0000
vt 0.1583 0.0948 0.0000
vt 0.1980 0.0588 0.0000
vt 0.1955 0.0965 0.0000
vt 0.2292 0.0581 0.0000
vt 0.2328 0.0962 0.0000
vt 0.2604 0.0544 0.0000
vt 0.2700 0.0942 0.0000
vt 0.2917 0.0476 0.0000
vt 0.3070 0.0909 0.0000
vt 0.3241 0.0372 0.0000
vt 0.3443 0.0876 0.0000
vt 0.7269 0.0527 0.0000
vt 0.7099 0.0972 0.0000
vt 0.6705 0.0935 0.0000
vt 0.6973 0.0427 0.0000
vt 0.7570 0.0599 0.0000
vt 0.7474 0.1006 0.0000
vt 0.7878 0.0641 0.0000
vt 0.7847 0.1027 0.0000
vt 0.8188 0.0653 0.0000
vt 0.8220 0.1029 0.0000
vt 0.8498 0.0634 0.0000
vt 0.8592 0.1013 0.0000
vt 0.8804 0.0586 0.0000
vt 0.8960 0.0979 0.0000
vt 0.9106 0.0506 0.0000
vt 0.9324 0.0932 0.0000
vt 0.9414 0.0390 0.0000
vt 0.9690 0.0886 0.0000
vt 0.0740 0.5899 0.0000
vt 0.0454 0.5925 0.0000
vt 0.0391 0.5805 0.0000
vt 0.0704 0.5795 0.0000
vt 0.1026 0.5889 0.0000
vt 0.1006 0.5788 0.0000
vt 0.1308 0.5885 0.0000
vt 0.1300 0.5784 0.0000
vt 0.1590 0.5886 0.0000
vt 0.1592 0.5784 0.0000
vt 0.1870 0.5889 0.0000
vt 0.1883 0.5788 0.0000
vt 0.2151 0.5897 0.0000
vt 0.2178 0.5797 0.0000
vt 0.2435 0.5913 0.0000
vt 0.2480 0.5811 0.0000
vt 0.2724 0.5949 0.0000
vt 0.2794 0.5830 0.0000
vt 0.7752 0.5996 0.0000
vt 0.7471 0.6032 0.0000
vt 0.7389 0.5915 0.0000
vt 0.7700 0.5893 0.0000
vt 0.8035 0.5975 0.0000
vt 0.8000 0.5875 0.0000
vt 0.8316 0.5960 0.0000
vt 0.8293 0.5860 0.0000
vt 0.8597 0.5950 0.0000
vt 0.8584 0.5849 0.0000
vt 0.8877 0.5943 0.0000
vt 0.8875 0.5842 0.0000
vt 0.9159 0.5941 0.0000
vt 0.9170 0.5839 0.0000
vt 0.9444 0.5946 0.0000
vt 0.9474 0.5843 0.0000
vt 0.9738 0.5971 0.0000
vt 0.9789 0.5849 0.0000
vt 0.0703 0.3849 0.0000
vt 0.0358 0.3860 0.0000
vt 0.0307 0.3570 0.0000
vt 0.0671 0.3569 0.0000
vt 0.1046 0.3844 0.0000
vt 0.1033 0.3570 0.0000
vt 0.1389 0.3845 0.0000
vt 0.1392 0.3574 0.0000
vt 0.1731 0.3850 0.0000
vt 0.1751 0.3579 0.0000
vt 0.2072 0.3858 0.0000
vt 0.2110 0.3587 0.0000
vt 0.2414 0.3871 0.0000
vt 0.2470 0.3598 0.0000
vt 0.2757 0.3888 0.0000
vt 0.2831 0.3610 0.0000
vt 0.3100 0.3913 0.0000
vt 0.3194 0.3624 0.0000
vt 0.7406 0.3952 0.0000
vt 0.7064 0.3977 0.0000
vt 0.6970 0.3689 0.0000
vt 0.7332 0.3675 0.0000
vt 0.7748 0.3935 0.0000
vt 0.7693 0.3663 0.0000
vt 0.8089 0.3923 0.0000
vt 0.8052 0.3652 0.0000
vt 0.8431 0.3915 0.0000
vt 0.8411 0.3644 0.0000
vt 0.8773 0.3910 0.0000
vt 0.8770 0.3639 0.0000
vt 0.9116 0.3910 0.0000
vt 0.9130 0.3636 0.0000
vt 0.9460 0.3915 0.0000
vt 0.9492 0.3635 0.0000
vt 0.9806 0.3927 0.0000
vt 0.9856 0.3635 0.0000
vt 0.0580 0.5043 0.0000
vt 0.0839 0.5050 0.0000
vt 0.1102 0.5054 0.0000
vt 0.1366 0.5058 0.0000
vt 0.1632 0.5062 0.0000
vt 0.1898 0.5067 0.0000
vt 0.2162 0.5073 0.0000
vt 0.2423 0.5079 0.0000
vt 0.2679 0.5081 0.0000
vt 0.7463 0.5149 0.0000
vt 0.7723 0.5146 0.0000
vt 0.7985 0.5140 0.0000
vt 0.8250 0.5133 0.0000
vt 0.8515 0.5127 0.0000
vt 0.8781 0.5123 0.0000
vt 0.9045 0.5119 0.0000
vt 0.9306 0.5114 0.0000
vt 0.9562 0.5107 0.0000
vt 0.0808 0.4332 0.0000
vt 0.0864 0.4693 0.0000
vt 0.0607 0.4696 0.0000
vt 0.0517 0.4344 0.0000
vt 0.1102 0.4327 0.0000
vt 0.1127 0.4692 0.0000
vt 0.1397 0.4327 0.0000
vt 0.1392 0.4693 0.0000
vt 0.1692 0.4331 0.0000
vt 0.1660 0.4697 0.0000
vt 0.1988 0.4339 0.0000
vt 0.1928 0.4704 0.0000
vt 0.2282 0.4351 0.0000
vt 0.2194 0.4713 0.0000
vt 0.2573 0.4369 0.0000
vt 0.2457 0.4724 0.0000
vt 0.2861 0.4393 0.0000
vt 0.2715 0.4738 0.0000
vt 0.7583 0.4430 0.0000
vt 0.7694 0.4788 0.0000
vt 0.7438 0.4801 0.0000
vt 0.7295 0.4453 0.0000
vt 0.7875 0.4414 0.0000
vt 0.7955 0.4777 0.0000
vt 0.8170 0.4403 0.0000
vt 0.8221 0.4769 0.0000
vt 0.8465 0.4396 0.0000
vt 0.8488 0.4763 0.0000
vt 0.8761 0.4393 0.0000
vt 0.8756 0.4759 0.0000
vt 0.9056 0.4394 0.0000
vt 0.9023 0.4758 0.0000
vt 0.9349 0.4401 0.0000
vt 0.9287 0.4759 0.0000
vt 0.9640 0.4414 0.0000
vt 0.9547 0.4763 0.0000
vt 0.0837 0.1011 0.0000
vt 0.0482 0.0987 0.0000
vt 0.0483 0.0933 0.0000
vt 0.0839 0.0964 0.0000
vt 0.1201 0.1042 0.0000
vt 0.1204 0.1001 0.0000
vt 0.1572 0.1067 0.0000
vt 0.1575 0.1029 0.0000
vt 0.1947 0.1080 0.0000
vt 0.1950 0.1044 0.0000
vt 0.2322 0.1081 0.0000
vt 0.2325 0.1044 0.0000
vt 0.2693 0.1071 0.0000
vt 0.2696 0.1030 0.0000
vt 0.3056 0.1056 0.0000
vt 0.3062 0.1010 0.0000
vt 0.3410 0.1046 0.0000
vt 0.3415 0.0994 0.0000
vt 0.7113 0.1118 0.0000
vt 0.6755 0.1107 0.0000
vt 0.6747 0.1053 0.0000
vt 0.7107 0.1071 0.0000
vt 0.7480 0.1135 0.0000
vt 0.7477 0.1094 0.0000
vt 0.7853 0.1146 0.0000
vt 0.7851 0.1108 0.0000
vt 0.8229 0.1145 0.0000
vt 0.8227 0.1109 0.0000
vt 0.8603 0.1132 0.0000
vt 0.8601 0.1094 0.0000
vt 0.8972 0.1108 0.0000
vt 0.8970 0.1067 0.0000
vt 0.9332 0.1080 0.0000
vt 0.9331 0.1033 0.0000
vt 0.9683 0.1056 0.0000
vt 0.9681 0.1004 0.0000
vt 0.0962 0.0241 0.0000
vt 0.1177 0.0363 0.0000
vt 0.1432 0.0446 0.0000
vt 0.1706 0.0497 0.0000
vt 0.1988 0.0519 0.0000
vt 0.2275 0.0512 0.0000
vt 0.2561 0.0475 0.0000
vt 0.2839 0.0406 0.0000
vt 0.3081 0.0294 0.0000
vt 0.7121 0.0345 0.0000
vt 0.7354 0.0459 0.0000
vt 0.7621 0.0532 0.0000
vt 0.7901 0.0573 0.0000
vt 0.8186 0.0584 0.0000
vt 0.8471 0.0566 0.0000
vt 0.8751 0.0518 0.0000
vt 0.9017 0.0439 0.0000
vt 0.9242 0.0318 0.0000
vt 0.2040 0.0072 0.0000
vt 0.8170 0.0136 0.0000
vt 0.0822 0.6039 0.0000
vt 0.0608 0.6067 0.0000
vt 0.1065 0.6027 0.0000
vt 0.1321 0.6023 0.0000
vt 0.1583 0.6023 0.0000
vt 0.1845 0.6026 0.0000
vt 0.2101 0.6032 0.0000
vt 0.2343 0.6046 0.0000
vt 0.2551 0.6079 0.0000
vt 0.7854 0.6132 0.0000
vt 0.7645 0.6168 0.0000
vt 0.8095 0.6111 0.0000
vt 0.8350 0.6098 0.0000
vt 0.8611 0.6088 0.0000
vt 0.8873 0.6081 0.0000
vt 0.9129 0.6077 0.0000
vt 0.9372 0.6082 0.0000
vt 0.9584 0.6107 0.0000
vt 0.3699 0.3990 0.0000
vt 0.4021 0.3881 0.0000
vt 0.4179 0.4028 0.0000
vt 0.3897 0.4123 0.0000
vt 0.4386 0.3791 0.0000
vt 0.4496 0.3947 0.0000
vt 0.4784 0.3730 0.0000
vt 0.4843 0.3891 0.0000
vt 0.5202 0.3704 0.0000
vt 0.5207 0.3868 0.0000
vt 0.5619 0.3717 0.0000
vt 0.5573 0.3879 0.0000
vt 0.6016 0.3764 0.0000
vt 0.5923 0.3922 0.0000
vt 0.6383 0.3838 0.0000
vt 0.6246 0.3990 0.0000
vt 0.6718 0.3931 0.0000
vt 0.6534 0.4069 0.0000
vt 0.3766 0.5092 0.0000
vt 0.4112 0.5002 0.0000
vt 0.4234 0.5157 0.0000
vt 0.3933 0.5236 0.0000
vt 0.4495 0.4934 0.0000
vt 0.4568 0.5095 0.0000
vt 0.4906 0.4896 0.0000
vt 0.4926 0.5060 0.0000
vt 0.5326 0.4896 0.0000
vt 0.5293 0.5058 0.0000
vt 0.5737 0.4933 0.0000
vt 0.5653 0.5091 0.0000
vt 0.6121 0.5003 0.0000
vt 0.5991 0.5154 0.0000
vt 0.6468 0.5097 0.0000
vt 0.6296 0.5240 0.0000
vt 0.6779 0.5209 0.0000
vt 0.6565 0.5335 0.0000
vt 0.4502 0.4363 0.0000
vt 0.4295 0.4473 0.0000
vt 0.4725 0.4279 0.0000
vt 0.4969 0.4224 0.0000
vt 0.5229 0.4201 0.0000
vt 0.5492 0.4211 0.0000
vt 0.5750 0.4252 0.0000
vt 0.5996 0.4323 0.0000
vt 0.6237 0.4418 0.0000
vt 0.4478 0.5509 0.0000
vt 0.4246 0.5607 0.0000
vt 0.4719 0.5439 0.0000
vt 0.4974 0.5398 0.0000
vt 0.5237 0.5391 0.0000
vt 0.5497 0.5416 0.0000
vt 0.5743 0.5472 0.0000
vt 0.5971 0.5556 0.0000
vt 0.6188 0.5665 0.0000
vt 0.4702 0.4464 0.0000
vt 0.4597 0.4558 0.0000
vt 0.4860 0.4394 0.0000
vt 0.5045 0.4348 0.0000
vt 0.5245 0.4330 0.0000
vt 0.5449 0.4338 0.0000
vt 0.5646 0.4374 0.0000
vt 0.5823 0.4436 0.0000
vt 0.5960 0.4526 0.0000
vt 0.4653 0.5621 0.0000
vt 0.4526 0.5708 0.0000
vt 0.4826 0.5560 0.0000
vt 0.5020 0.5526 0.0000
vt 0.5223 0.5519 0.0000
vt 0.5424 0.5539 0.0000
vt 0.5612 0.5586 0.0000
vt 0.5773 0.5658 0.0000
vt 0.5887 0.5756 0.0000
vt 0.5282 0.4623 0.0000
vt 0.5191 0.5813 0.0000
vt 0.0396 0.2264 0.0000
vt 0.0756 0.2274 0.0000
vt 0.1118 0.2283 0.0000
vt 0.1482 0.2292 0.0000
vt 0.1848 0.2300 0.0000
vt 0.2214 0.2307 0.0000
vt 0.2580 0.2313 0.0000
vt 0.2943 0.2317 0.0000
vt 0.3303 0.2321 0.0000
vt 0.6862 0.2384 0.0000
vt 0.7221 0.2380 0.0000
vt 0.7584 0.2376 0.0000
vt 0.7949 0.2371 0.0000
vt 0.8315 0.2365 0.0000
vt 0.8681 0.2359 0.0000
vt 0.9046 0.2350 0.0000
vt 0.9409 0.2341 0.0000
vt 0.9768 0.2332 0.0000
# 769 texture coords

o PW_Hammer001
g PW_Hammer001
usemtl PW_Hammer001
s 1
f 1/1/1 2/2/2 3/3/3 
f 3/3/3 4/4/4 1/1/1 
f 5/5/5 6/6/6 2/2/2 
f 2/2/2 1/1/1 5/5/5 
f 7/7/7 8/8/8 6/6/6 
f 6/6/6 5/5/5 7/7/7 
f 9/9/9 10/10/10 8/8/8 
f 8/8/8 7/7/7 9/9/9 
f 11/11/11 12/12/12 13/13/13 
f 13/13/13 14/14/14 11/11/11 
f 15/15/15 16/16/16 17/17/17 
f 17/17/17 18/18/18 15/15/15 
f 19/19/19 20/20/20 21/21/21 
f 21/21/21 22/22/22 19/19/19 
f 23/23/23 19/19/19 22/22/22 
f 22/22/22 24/24/24 23/23/23 
f 25/25/25 23/23/23 24/24/24 
f 24/24/24 26/26/26 25/25/25 
f 27/27/27 25/25/25 26/26/26 
f 26/26/26 28/28/28 27/27/27 
f 29/29/29 30/30/30 31/31/31 
f 31/31/31 32/32/32 29/29/29 
f 33/33/33 34/34/34 35/35/35 
f 35/35/35 36/36/36 33/33/33 
f 34/34/34 37/37/37 35/35/35 
f 38/38/38 22/22/22 21/21/21 
f 21/21/21 39/39/39 38/38/38 
f 40/40/40 24/24/24 22/22/22 
f 22/22/22 38/38/38 40/40/40 
f 41/41/41 26/26/26 24/24/24 
f 24/24/24 40/40/40 41/41/41 
f 42/42/42 28/28/28 26/26/26 
f 26/26/26 41/41/41 42/42/42 
f 14/14/14 17/17/17 16/16/16 
f 16/16/16 11/11/11 14/14/14 
f 36/36/36 31/31/31 30/30/30 
f 30/30/30 33/33/33 36/36/36 
f 43/43/43 44/44/44 45/45/45 
f 45/45/45 46/46/46 43/43/43 
f 44/44/44 47/47/47 48/48/48 
f 48/48/48 45/45/45 44/44/44 
f 47/47/47 49/49/49 50/50/50 
f 50/50/50 48/48/48 47/47/47 
f 49/49/49 10/10/10 9/9/9 
f 9/9/9 50/50/50 49/49/49 
f 51/51/51 52/52/52 53/53/53 
f 53/53/53 54/54/54 51/51/51 
f 55/55/55 56/56/56 15/15/15 
f 15/15/15 18/18/18 55/55/55 
f 57/57/57 58/58/52 59/59/58 
f 59/59/58 60/60/59 57/57/57 
f 60/60/59 59/59/58 61/61/60 
f 61/61/60 62/62/61 60/60/59 
f 62/62/61 61/61/60 63/63/62 
f 63/63/62 64/64/63 62/62/61 
f 64/64/63 63/63/62 27/27/27 
f 27/27/27 28/28/28 64/64/63 
f 29/29/29 32/32/32 65/65/64 
f 65/65/64 66/66/65 29/29/29 
f 67/67/66 68/68/67 69/69/68 
f 69/69/68 70/70/69 67/67/66 
f 70/70/69 69/69/68 71/71/70 
f 57/57/57 60/60/59 72/72/71 
f 72/72/71 73/73/72 57/57/57 
f 60/60/59 62/62/61 74/74/73 
f 74/74/73 72/72/71 60/60/59 
f 62/62/61 64/64/63 75/75/74 
f 75/75/74 74/74/73 62/62/61 
f 64/64/63 28/28/28 42/42/42 
f 42/42/42 75/75/74 64/64/63 
f 56/56/56 55/55/55 54/54/54 
f 54/54/54 53/53/53 56/56/56 
f 66/66/65 65/65/64 68/68/67 
f 68/68/67 67/67/66 66/66/65 
f 3/3/3 76/76/75 77/77/76 
f 77/77/76 4/4/4 3/3/3 
f 76/76/75 78/78/77 79/79/78 
f 79/79/78 77/77/76 76/76/75 
f 78/78/77 80/80/79 81/81/80 
f 81/81/80 79/79/78 78/78/77 
f 80/80/79 82/82/81 83/83/82 
f 83/83/82 81/81/80 80/80/79 
f 13/13/13 12/12/12 84/84/83 
f 84/84/83 85/85/84 13/13/13 
f 86/86/85 87/87/86 88/88/87 
f 88/88/87 89/89/88 86/86/85 
f 21/21/21 20/20/20 90/90/89 
f 90/90/89 91/91/90 21/21/21 
f 91/91/90 90/90/89 92/92/91 
f 92/92/91 93/93/92 91/91/90 
f 93/93/92 92/92/91 94/94/93 
f 94/94/93 95/95/94 93/93/92 
f 95/95/94 94/94/93 96/96/95 
f 96/96/95 97/97/96 95/95/94 
f 98/98/97 99/99/98 100/100/99 
f 100/100/99 101/101/100 98/98/97 
f 102/102/101 103/103/102 104/104/103 
f 104/104/103 34/34/34 102/102/101 
f 34/34/34 104/104/103 37/37/37 
f 21/21/21 91/91/90 105/105/104 
f 105/105/104 39/39/39 21/21/21 
f 91/91/90 93/93/92 106/106/105 
f 106/106/105 105/105/104 91/91/90 
f 93/93/92 95/95/94 107/107/106 
f 107/107/106 106/106/105 93/93/92 
f 95/95/94 97/97/96 108/108/107 
f 108/108/107 107/107/106 95/95/94 
f 87/87/86 86/86/85 85/85/84 
f 85/85/84 84/84/83 87/87/86 
f 101/101/100 100/100/99 103/103/102 
f 103/103/102 102/102/101 101/101/100 
f 109/109/108 110/110/109 43/43/43 
f 43/43/43 46/46/46 109/109/108 
f 111/111/110 112/112/111 110/110/109 
f 110/110/109 109/109/108 111/111/110 
f 113/113/112 114/114/113 112/112/111 
f 112/112/111 111/111/110 113/113/112 
f 83/115/82 82/116/81 114/114/113 
f 114/114/113 113/113/112 83/115/82 
f 115/117/114 52/52/52 51/51/51 
f 51/51/51 116/118/115 115/117/114 
f 88/119/87 117/120/116 118/121/117 
f 118/121/117 89/122/88 88/119/87 
f 119/123/118 58/58/52 57/57/57 
f 57/57/57 120/124/119 119/123/118 
f 121/125/120 119/123/118 120/124/119 
f 120/124/119 122/126/121 121/125/120 
f 123/127/122 121/125/120 122/126/121 
f 122/126/121 124/128/123 123/127/122 
f 96/129/95 123/127/122 124/128/123 
f 124/128/123 97/130/96 96/129/95 
f 98/131/97 125/132/124 126/133/125 
f 126/133/125 99/134/98 98/131/97 
f 127/135/126 70/70/69 128/136/127 
f 128/136/127 129/137/128 127/135/126 
f 70/70/69 71/71/70 128/136/127 
f 130/138/129 120/124/119 57/57/57 
f 57/57/57 73/73/72 130/138/129 
f 131/139/130 122/126/121 120/124/119 
f 120/124/119 130/138/129 131/139/130 
f 132/140/131 124/128/123 122/126/121 
f 122/126/121 131/139/130 132/140/131 
f 108/141/107 97/130/96 124/128/123 
f 124/128/123 132/140/131 108/141/107 
f 116/118/115 118/121/117 117/120/116 
f 117/120/116 115/117/114 116/118/115 
f 129/137/128 126/133/125 125/132/124 
f 125/132/124 127/135/126 129/137/128 
f 133/142/132 134/143/133 38/38/38 
f 38/38/38 39/39/39 133/142/132 
f 134/143/133 135/144/134 40/40/40 
f 40/40/40 38/38/38 134/143/133 
f 135/144/134 136/145/135 41/41/41 
f 41/41/41 40/40/40 135/144/134 
f 136/145/135 137/146/136 42/42/42 
f 42/42/42 41/41/41 136/145/135 
f 14/14/14 13/13/13 34/34/34 
f 34/34/34 33/33/33 14/14/14 
f 18/18/18 17/17/17 30/30/30 
f 30/30/30 29/29/29 18/18/18 
f 17/17/17 14/14/14 33/33/33 
f 33/33/33 30/30/30 17/17/17 
f 138/147/137 139/148/138 73/73/72 
f 73/73/72 72/72/71 138/147/137 
f 140/149/139 138/147/137 72/72/71 
f 72/72/71 74/74/73 140/149/139 
f 141/150/140 140/149/139 74/74/73 
f 74/74/73 75/75/74 141/150/140 
f 137/146/136 141/150/140 75/75/74 
f 75/75/74 42/42/42 137/146/136 
f 51/51/51 54/54/54 67/67/66 
f 67/67/66 70/70/69 51/51/51 
f 55/55/55 18/18/18 29/29/29 
f 29/29/29 66/66/65 55/55/55 
f 54/54/54 55/55/55 66/66/65 
f 66/66/65 67/67/66 54/54/54 
f 142/151/141 133/142/132 39/39/39 
f 39/39/39 105/105/104 142/151/141 
f 143/152/142 142/151/141 105/105/104 
f 105/105/104 106/106/105 143/152/142 
f 144/153/143 143/152/142 106/106/105 
f 106/106/105 107/107/106 144/153/143 
f 145/154/144 144/153/143 107/107/106 
f 107/107/106 108/108/107 145/154/144 
f 13/13/13 85/85/84 102/102/101 
f 102/102/101 34/34/34 13/13/13 
f 86/86/85 89/89/88 98/98/97 
f 98/98/97 101/101/100 86/86/85 
f 85/85/84 86/86/85 101/101/100 
f 101/101/100 102/102/101 85/85/84 
f 139/148/138 146/155/145 130/138/129 
f 130/138/129 73/73/72 139/148/138 
f 146/155/145 147/156/146 131/139/130 
f 131/139/130 130/138/129 146/155/145 
f 147/156/146 148/157/147 132/140/131 
f 132/140/131 131/139/130 147/156/146 
f 148/157/147 145/158/144 108/141/107 
f 108/141/107 132/140/131 148/157/147 
f 116/118/115 51/51/51 70/70/69 
f 70/70/69 127/135/126 116/118/115 
f 89/122/88 118/121/117 125/132/124 
f 125/132/124 98/131/97 89/122/88 
f 118/121/117 116/118/115 127/135/126 
f 127/135/126 125/132/124 118/121/117 
f 1/1/1 4/4/4 149/159/148 
f 149/159/148 150/160/149 1/1/1 
f 5/5/5 1/1/1 150/160/149 
f 150/160/149 151/161/150 5/5/5 
f 7/7/7 5/5/5 151/161/150 
f 151/161/150 152/162/151 7/7/7 
f 9/9/9 7/7/7 152/162/151 
f 152/162/151 153/163/152 9/9/9 
f 46/46/46 45/45/45 154/164/153 
f 154/164/153 155/165/154 46/46/46 
f 45/45/45 48/48/48 156/166/155 
f 156/166/155 154/164/153 45/45/45 
f 48/48/48 50/50/50 157/167/156 
f 157/167/156 156/166/155 48/48/48 
f 50/50/50 9/9/9 153/163/152 
f 153/163/152 157/167/156 50/50/50 
f 4/4/4 77/77/76 158/168/157 
f 158/168/157 149/159/148 4/4/4 
f 77/77/76 79/79/78 159/169/158 
f 159/169/158 158/168/157 77/77/76 
f 79/79/78 81/81/80 160/170/159 
f 160/170/159 159/169/158 79/79/78 
f 81/81/80 83/83/82 161/171/160 
f 161/171/160 160/170/159 81/81/80 
f 109/109/108 46/46/46 155/165/154 
f 155/165/154 162/172/161 109/109/108 
f 111/111/110 109/109/108 162/172/161 
f 162/172/161 163/173/162 111/111/110 
f 113/113/112 111/111/110 163/173/162 
f 163/173/162 164/174/163 113/113/112 
f 83/115/82 113/113/112 164/174/163 
f 164/174/163 161/175/160 83/115/82 
f 150/160/149 149/159/148 165/176/164 
f 151/161/150 150/160/149 165/176/164 
f 152/162/151 151/161/150 165/176/164 
f 153/163/152 152/162/151 165/176/164 
f 155/165/154 154/164/153 165/176/164 
f 154/164/153 156/166/155 165/176/164 
f 156/166/155 157/167/156 165/176/164 
f 157/167/156 153/163/152 165/176/164 
f 149/159/148 158/168/157 165/176/164 
f 158/168/157 159/169/158 165/176/164 
f 159/169/158 160/170/159 165/176/164 
f 160/170/159 161/171/160 165/176/164 
f 162/172/161 155/165/154 165/176/164 
f 163/173/162 162/172/161 165/176/164 
f 164/174/163 163/173/162 165/176/164 
f 161/175/160 164/174/163 165/176/164 
f 19/19/19 166/177/19 167/178/12 
f 167/178/12 20/20/20 19/19/19 
f 168/179/23 166/177/19 19/19/19 
f 19/19/19 23/23/23 168/179/23 
f 169/180/25 168/179/23 23/23/23 
f 23/23/23 25/25/25 169/180/25 
f 170/181/15 169/180/25 25/25/25 
f 25/25/25 27/27/27 170/181/15 
f 58/58/52 171/182/52 172/183/58 
f 172/183/58 59/59/58 58/58/52 
f 172/183/58 173/184/60 61/61/60 
f 61/61/60 59/59/58 172/183/58 
f 173/184/60 174/185/62 63/63/62 
f 63/63/62 61/61/60 173/184/60 
f 174/185/62 170/181/15 27/27/27 
f 27/27/27 63/63/62 174/185/62 
f 167/178/12 175/186/89 90/90/89 
f 90/90/89 20/20/20 167/178/12 
f 175/186/89 176/187/91 92/92/91 
f 92/92/91 90/90/89 175/186/89 
f 176/187/91 177/188/93 94/94/93 
f 94/94/93 92/92/91 176/187/91 
f 177/188/93 178/189/165 96/96/95 
f 96/96/95 94/94/93 177/188/93 
f 179/190/118 171/182/52 58/58/52 
f 58/58/52 119/123/118 179/190/118 
f 180/191/120 179/190/118 119/123/118 
f 119/123/118 121/125/120 180/191/120 
f 181/192/166 180/191/120 121/125/120 
f 121/125/120 123/127/122 181/192/166 
f 178/193/165 181/192/166 123/127/122 
f 123/127/122 96/129/95 178/193/165 
f 35/35/35 37/37/37 167/178/12 
f 167/178/12 166/177/19 35/35/35 
f 36/36/36 35/35/35 166/177/19 
f 166/177/19 168/179/23 36/36/36 
f 31/31/31 36/36/36 168/179/23 
f 168/179/23 169/180/25 31/31/31 
f 32/32/32 31/31/31 169/180/25 
f 169/180/25 170/181/15 32/32/32 
f 71/71/70 69/69/68 172/183/58 
f 172/183/58 171/182/52 71/71/70 
f 69/69/68 68/68/67 173/184/60 
f 173/184/60 172/183/58 69/69/68 
f 68/68/67 65/65/64 174/185/62 
f 174/185/62 173/184/60 68/68/67 
f 65/65/64 32/32/32 170/181/15 
f 170/181/15 174/185/62 65/65/64 
f 37/37/37 104/104/103 175/186/89 
f 175/186/89 167/178/12 37/37/37 
f 104/104/103 103/103/102 176/187/91 
f 176/187/91 175/186/89 104/104/103 
f 103/103/102 100/100/99 177/188/93 
f 177/188/93 176/187/91 103/103/102 
f 100/100/99 99/99/98 178/189/165 
f 178/189/165 177/188/93 100/100/99 
f 128/136/127 71/71/70 171/182/52 
f 171/182/52 179/190/118 128/136/127 
f 129/137/128 128/136/127 179/190/118 
f 179/190/118 180/191/120 129/137/128 
f 126/133/125 129/137/128 180/191/120 
f 180/191/120 181/192/166 126/133/125 
f 99/134/98 126/133/125 181/192/166 
f 181/192/166 178/193/165 99/134/98 
f 134/143/133 133/142/132 182/194/167 
f 182/194/167 183/195/168 134/143/133 
f 135/144/134 134/143/133 183/195/168 
f 183/195/168 184/196/169 135/144/134 
f 136/145/135 135/144/134 184/196/169 
f 184/196/169 185/197/170 136/145/135 
f 137/146/136 136/145/135 185/197/170 
f 185/197/170 186/198/171 137/146/136 
f 139/148/138 138/147/137 187/199/172 
f 187/199/172 188/200/173 139/148/138 
f 138/147/137 140/149/139 189/201/174 
f 189/201/174 187/199/172 138/147/137 
f 140/149/139 141/150/140 190/202/175 
f 190/202/175 189/201/174 140/149/139 
f 141/150/140 137/146/136 186/198/171 
f 186/198/171 190/202/175 141/150/140 
f 133/142/132 142/151/141 191/203/176 
f 191/203/176 182/194/167 133/142/132 
f 142/151/141 143/152/142 192/204/177 
f 192/204/177 191/203/176 142/151/141 
f 143/152/142 144/153/143 193/205/178 
f 193/205/178 192/204/177 143/152/142 
f 144/153/143 145/154/144 194/206/179 
f 194/206/179 193/205/178 144/153/143 
f 146/155/145 139/148/138 188/200/173 
f 188/200/173 195/207/180 146/155/145 
f 147/156/146 146/155/145 195/207/180 
f 195/207/180 196/208/181 147/156/146 
f 148/157/147 147/156/146 196/208/181 
f 196/208/181 197/209/182 148/157/147 
f 145/158/144 148/157/147 197/209/182 
f 197/209/182 194/210/179 145/158/144 
f 198/211/19 199/212/183 3/3/3 
f 3/3/3 2/2/2 198/211/19 
f 200/213/23 198/211/19 2/2/2 
f 2/2/2 6/6/6 200/213/23 
f 201/214/25 200/213/23 6/6/6 
f 6/6/6 8/8/8 201/214/25 
f 202/215/27 201/214/25 8/8/8 
f 8/8/8 10/10/10 202/215/27 
f 203/216/184 204/217/58 44/44/44 
f 44/44/44 43/43/43 203/216/184 
f 204/217/58 205/218/60 47/47/47 
f 47/47/47 44/44/44 204/217/58 
f 205/218/60 206/219/62 49/49/49 
f 49/49/49 47/47/47 205/218/60 
f 206/219/62 202/215/27 10/10/10 
f 10/10/10 49/49/49 206/219/62 
f 199/212/183 207/220/89 76/76/75 
f 76/76/75 3/3/3 199/212/183 
f 207/220/89 208/221/91 78/78/77 
f 78/78/77 76/76/75 207/220/89 
f 208/221/91 209/222/93 80/80/79 
f 80/80/79 78/78/77 208/221/91 
f 209/222/93 210/223/165 82/82/81 
f 82/82/81 80/80/79 209/222/93 
f 211/224/118 203/216/184 43/43/43 
f 43/43/43 110/110/109 211/224/118 
f 212/225/185 211/224/118 110/110/109 
f 110/110/109 112/112/111 212/225/185 
f 213/226/166 212/225/185 112/112/111 
f 112/112/111 114/114/113 213/226/166 
f 210/227/165 213/226/166 114/114/113 
f 114/114/113 82/116/81 210/227/165 
f 183/195/168 182/194/167 199/212/183 
f 199/212/183 198/211/19 183/195/168 
f 184/196/169 183/195/168 198/211/19 
f 198/211/19 200/213/23 184/196/169 
f 185/197/170 184/196/169 200/213/23 
f 200/213/23 201/214/25 185/197/170 
f 186/198/171 185/197/170 201/214/25 
f 201/214/25 202/215/27 186/198/171 
f 188/200/173 187/199/172 204/217/58 
f 204/217/58 203/216/184 188/200/173 
f 187/199/172 189/201/174 205/218/60 
f 205/218/60 204/217/58 187/199/172 
f 189/201/174 190/202/175 206/219/62 
f 206/219/62 205/218/60 189/201/174 
f 190/202/175 186/198/171 202/215/27 
f 202/215/27 206/219/62 190/202/175 
f 182/194/167 191/203/176 207/220/89 
f 207/220/89 199/212/183 182/194/167 
f 191/203/176 192/204/177 208/221/91 
f 208/221/91 207/220/89 191/203/176 
f 192/204/177 193/205/178 209/222/93 
f 209/222/93 208/221/91 192/204/177 
f 193/205/178 194/206/179 210/223/165 
f 210/223/165 209/222/93 193/205/178 
f 195/207/180 188/200/173 203/216/184 
f 203/216/184 211/224/118 195/207/180 
f 196/208/181 195/207/180 211/224/118 
f 211/224/118 212/225/185 196/208/181 
f 197/209/182 196/208/181 212/225/185 
f 212/225/185 213/226/166 197/209/182 
f 194/210/179 197/209/182 213/226/166 
f 213/226/166 210/227/165 194/210/179 
f 214/228/186 215/229/187 216/230/167 
f 216/230/167 217/231/168 214/228/186 
f 218/232/188 214/228/186 217/231/168 
f 217/231/168 219/233/169 218/232/188 
f 220/234/189 218/232/188 219/233/169 
f 219/233/169 221/235/170 220/234/189 
f 222/236/190 220/234/189 221/235/170 
f 221/235/170 223/237/191 222/236/190 
f 11/11/11 224/238/192 225/239/193 
f 225/239/193 12/12/12 11/11/11 
f 15/15/15 226/240/194 227/241/195 
f 227/241/195 16/16/16 15/15/15 
f 228/242/196 229/243/197 230/244/198 
f 230/244/198 231/245/12 228/242/196 
f 232/246/199 233/247/200 229/243/197 
f 229/243/197 228/242/196 232/246/199 
f 234/248/201 235/249/202 233/247/200 
f 233/247/200 232/246/199 234/248/201 
f 236/250/203 237/251/204 235/249/202 
f 235/249/202 234/248/201 236/250/203 
f 238/252/205 239/253/206 240/254/207 
f 240/254/207 241/255/208 238/252/205 
f 242/256/209 243/257/210 244/258/211 
f 244/258/211 245/259/212 242/256/209 
f 245/259/212 244/258/211 246/260/213 
f 247/261/214 248/262/215 230/244/198 
f 230/244/198 229/243/197 247/261/214 
f 249/263/216 247/261/214 229/243/197 
f 229/243/197 233/247/200 249/263/216 
f 250/264/217 249/263/216 233/247/200 
f 233/247/200 235/249/202 250/264/217 
f 251/265/218 250/264/217 235/249/202 
f 235/249/202 237/251/204 251/265/218 
f 224/238/192 11/11/11 16/16/16 
f 16/16/16 227/241/195 224/238/192 
f 243/257/210 242/256/209 241/255/208 
f 241/255/208 240/254/207 243/257/210 
f 252/266/173 253/267/219 254/268/220 
f 254/268/220 255/269/172 252/266/173 
f 255/269/172 254/268/220 256/270/221 
f 256/270/221 257/271/174 255/269/172 
f 257/271/174 256/270/221 258/272/222 
f 258/272/222 259/273/175 257/271/174 
f 259/273/175 258/272/222 222/236/190 
f 222/236/190 223/237/191 259/273/175 
f 260/274/223 261/275/224 53/53/53 
f 53/53/53 52/52/52 260/274/223 
f 262/276/225 226/240/194 15/15/15 
f 15/15/15 56/56/56 262/276/225 
f 263/277/226 264/278/227 265/279/228 
f 265/279/228 266/280/184 263/277/226 
f 264/278/227 267/281/229 268/282/230 
f 268/282/230 265/279/228 264/278/227 
f 267/281/229 269/283/231 270/284/232 
f 270/284/232 268/282/230 267/281/229 
f 269/283/231 237/251/204 236/250/203 
f 236/250/203 270/284/232 269/283/231 
f 238/252/205 271/285/233 272/286/234 
f 272/286/234 239/253/206 238/252/205 
f 273/287/235 274/288/236 275/289/237 
f 275/289/237 276/290/238 273/287/235 
f 274/288/236 277/291/239 275/289/237 
f 263/277/226 278/292/240 279/293/241 
f 279/293/241 264/278/227 263/277/226 
f 264/278/227 279/293/241 280/294/242 
f 280/294/242 267/281/229 264/278/227 
f 267/281/229 280/294/242 281/295/243 
f 281/295/243 269/283/231 267/281/229 
f 269/283/231 281/295/243 251/265/218 
f 251/265/218 237/251/204 269/283/231 
f 56/56/56 53/53/53 261/275/224 
f 261/275/224 262/276/225 56/56/56 
f 271/285/233 273/287/235 276/290/238 
f 276/290/238 272/286/234 271/285/233 
f 216/230/167 215/229/187 282/296/244 
f 282/296/244 283/297/176 216/230/167 
f 283/297/176 282/296/244 284/298/245 
f 284/298/245 285/299/177 283/297/176 
f 285/299/177 284/298/245 286/300/246 
f 286/300/246 287/301/178 285/299/177 
f 287/301/178 286/300/246 288/302/247 
f 288/302/247 289/303/248 287/301/178 
f 225/239/193 290/304/249 84/84/83 
f 84/84/83 12/12/12 225/239/193 
f 291/305/250 292/306/251 88/88/87 
f 88/88/87 87/87/86 291/305/250 
f 230/244/198 293/307/252 294/308/253 
f 294/308/253 231/245/12 230/244/198 
f 293/307/252 295/309/254 296/310/255 
f 296/310/255 294/308/253 293/307/252 
f 295/309/254 297/311/256 298/312/257 
f 298/312/257 296/310/255 295/309/254 
f 297/311/256 299/313/258 300/314/87 
f 300/314/87 298/312/257 297/311/256 
f 301/315/259 302/316/260 303/317/261 
f 303/317/261 304/318/262 301/315/259 
f 305/319/263 245/259/212 306/320/264 
f 306/320/264 307/321/265 305/319/263 
f 245/259/212 246/260/213 306/320/264 
f 230/244/198 248/262/215 308/322/266 
f 308/322/266 293/307/252 230/244/198 
f 293/307/252 308/322/266 309/323/267 
f 309/323/267 295/309/254 293/307/252 
f 295/309/254 309/323/267 310/324/268 
f 310/324/268 297/311/256 295/309/254 
f 297/311/256 310/324/268 311/325/269 
f 311/325/269 299/313/258 297/311/256 
f 87/87/86 84/84/83 290/304/249 
f 290/304/249 291/305/250 87/87/86 
f 302/316/260 305/319/263 307/321/265 
f 307/321/265 303/317/261 302/316/260 
f 312/326/270 253/267/219 252/266/173 
f 252/266/173 313/327/180 312/326/270 
f 314/328/271 312/326/270 313/327/180 
f 313/327/180 315/329/181 314/328/271 
f 316/330/272 314/328/271 315/329/181 
f 315/329/181 317/331/182 316/330/272 
f 288/332/247 316/330/272 317/331/182 
f 317/331/182 289/333/248 288/332/247 
f 115/117/114 318/334/273 260/274/223 
f 260/274/223 52/52/52 115/117/114 
f 88/119/87 292/335/251 319/336/274 
f 319/336/274 117/120/116 88/119/87 
f 320/337/275 321/338/276 263/277/226 
f 263/277/226 266/280/184 320/337/275 
f 322/339/185 323/340/277 321/338/276 
f 321/338/276 320/337/275 322/339/185 
f 324/341/166 325/342/278 323/340/277 
f 323/340/277 322/339/185 324/341/166 
f 300/343/87 299/344/258 325/342/278 
f 325/342/278 324/341/166 300/343/87 
f 301/345/259 304/346/262 326/347/279 
f 326/347/279 327/348/280 301/345/259 
f 328/349/281 329/350/282 330/351/283 
f 330/351/283 274/288/236 328/349/281 
f 274/288/236 330/351/283 277/291/239 
f 331/352/284 278/292/240 263/277/226 
f 263/277/226 321/338/276 331/352/284 
f 332/353/285 331/352/284 321/338/276 
f 321/338/276 323/340/277 332/353/285 
f 333/354/286 332/353/285 323/340/277 
f 323/340/277 325/342/278 333/354/286 
f 311/355/269 333/354/286 325/342/278 
f 325/342/278 299/344/258 311/355/269 
f 318/334/273 115/117/114 117/120/116 
f 117/120/116 319/336/274 318/334/273 
f 329/350/282 328/349/281 327/348/280 
f 327/348/280 326/347/279 329/350/282 
f 334/356/287 248/262/215 247/261/214 
f 247/261/214 335/357/288 334/356/287 
f 335/357/288 247/261/214 249/263/216 
f 249/263/216 336/358/289 335/357/288 
f 336/358/289 249/263/216 250/264/217 
f 250/264/217 337/359/290 336/358/289 
f 337/359/290 250/264/217 251/265/218 
f 251/265/218 338/360/291 337/359/290 
f 224/238/192 242/256/209 245/259/212 
f 245/259/212 225/239/193 224/238/192 
f 226/240/194 238/252/205 241/255/208 
f 241/255/208 227/241/195 226/240/194 
f 227/241/195 241/255/208 242/256/209 
f 242/256/209 224/238/192 227/241/195 
f 339/361/292 279/293/241 278/292/240 
f 278/292/240 340/362/293 339/361/292 
f 341/363/294 280/294/242 279/293/241 
f 279/293/241 339/361/292 341/363/294 
f 342/364/295 281/295/243 280/294/242 
f 280/294/242 341/363/294 342/364/295 
f 338/360/291 251/265/218 281/295/243 
f 281/295/243 342/364/295 338/360/291 
f 260/274/223 274/288/236 273/287/235 
f 273/287/235 261/275/224 260/274/223 
f 262/276/225 271/285/233 238/252/205 
f 238/252/205 226/240/194 262/276/225 
f 261/275/224 273/287/235 271/285/233 
f 271/285/233 262/276/225 261/275/224 
f 343/365/296 308/322/266 248/262/215 
f 248/262/215 334/356/287 343/365/296 
f 344/366/297 309/323/267 308/322/266 
f 308/322/266 343/365/296 344/366/297 
f 345/367/298 310/324/268 309/323/267 
f 309/323/267 344/366/297 345/367/298 
f 346/368/299 311/325/269 310/324/268 
f 310/324/268 345/367/298 346/368/299 
f 225/239/193 245/259/212 305/319/263 
f 305/319/263 290/304/249 225/239/193 
f 291/305/250 302/316/260 301/315/259 
f 301/315/259 292/306/251 291/305/250 
f 290/304/249 305/319/263 302/316/260 
f 302/316/260 291/305/250 290/304/249 
f 340/362/293 278/292/240 331/352/284 
f 331/352/284 347/369/300 340/362/293 
f 347/369/300 331/352/284 332/353/285 
f 332/353/285 348/370/301 347/369/300 
f 348/370/301 332/353/285 333/354/286 
f 333/354/286 349/371/302 348/370/301 
f 349/371/302 333/354/286 311/355/269 
f 311/355/269 346/372/299 349/371/302 
f 318/334/273 328/349/281 274/288/236 
f 274/288/236 260/274/223 318/334/273 
f 292/335/251 301/345/259 327/348/280 
f 327/348/280 319/336/274 292/335/251 
f 319/336/274 327/348/280 328/349/281 
f 328/349/281 318/334/273 319/336/274 
f 214/228/186 350/373/303 351/374/304 
f 351/374/304 215/229/187 214/228/186 
f 218/232/188 352/375/305 350/373/303 
f 350/373/303 214/228/186 218/232/188 
f 220/234/189 353/376/306 352/375/305 
f 352/375/305 218/232/188 220/234/189 
f 222/236/190 354/377/307 353/376/306 
f 353/376/306 220/234/189 222/236/190 
f 253/267/219 355/378/308 356/379/309 
f 356/379/309 254/268/220 253/267/219 
f 254/268/220 356/379/309 357/380/310 
f 357/380/310 256/270/221 254/268/220 
f 256/270/221 357/380/310 358/381/311 
f 358/381/311 258/272/222 256/270/221 
f 258/272/222 358/381/311 354/377/307 
f 354/377/307 222/236/190 258/272/222 
f 215/229/187 351/374/304 359/382/312 
f 359/382/312 282/296/244 215/229/187 
f 282/296/244 359/382/312 360/383/313 
f 360/383/313 284/298/245 282/296/244 
f 284/298/245 360/383/313 361/384/314 
f 361/384/314 286/300/246 284/298/245 
f 286/300/246 361/384/314 362/385/315 
f 362/385/315 288/302/247 286/300/246 
f 312/326/270 363/386/316 355/378/308 
f 355/378/308 253/267/219 312/326/270 
f 314/328/271 364/387/317 363/386/316 
f 363/386/316 312/326/270 314/328/271 
f 316/330/272 365/388/318 364/387/317 
f 364/387/317 314/328/271 316/330/272 
f 288/332/247 362/389/315 365/388/318 
f 365/388/318 316/330/272 288/332/247 
f 350/373/303 366/390/319 351/374/304 
f 352/375/305 366/390/319 350/373/303 
f 353/376/306 366/390/319 352/375/305 
f 354/377/307 366/390/319 353/376/306 
f 355/378/308 366/390/319 356/379/309 
f 356/379/309 366/390/319 357/380/310 
f 357/380/310 366/390/319 358/381/311 
f 358/381/311 366/390/319 354/377/307 
f 351/374/304 366/390/319 359/382/312 
f 359/382/312 366/390/319 360/383/313 
f 360/383/313 366/390/319 361/384/314 
f 361/384/314 366/390/319 362/385/315 
f 363/386/316 366/390/319 355/378/308 
f 364/387/317 366/390/319 363/386/316 
f 365/388/318 366/390/319 364/387/317 
f 362/389/315 366/390/319 365/388/318 
f 228/242/196 231/245/12 367/391/20 
f 367/391/20 368/392/196 228/242/196 
f 369/393/199 232/246/199 228/242/196 
f 228/242/196 368/392/196 369/393/199 
f 370/394/201 234/248/201 232/246/199 
f 232/246/199 369/393/199 370/394/201 
f 371/395/320 236/250/203 234/248/201 
f 234/248/201 370/394/201 371/395/320 
f 266/280/184 265/279/228 372/396/228 
f 372/396/228 373/397/184 266/280/184 
f 372/396/228 265/279/228 268/282/230 
f 268/282/230 374/398/230 372/396/228 
f 374/398/230 268/282/230 270/284/232 
f 270/284/232 375/399/232 374/398/230 
f 375/399/232 270/284/232 236/250/203 
f 236/250/203 371/395/320 375/399/232 
f 367/391/20 231/245/12 294/308/253 
f 294/308/253 376/400/253 367/391/20 
f 376/400/253 294/308/253 296/310/255 
f 296/310/255 377/401/255 376/400/253 
f 377/401/255 296/310/255 298/312/257 
f 298/312/257 378/402/257 377/401/255 
f 378/402/257 298/312/257 300/314/87 
f 300/314/87 379/403/95 378/402/257 
f 380/404/275 320/337/275 266/280/184 
f 266/280/184 373/397/184 380/404/275 
f 381/405/185 322/339/185 320/337/275 
f 320/337/275 380/404/275 381/405/185 
f 382/406/122 324/341/166 322/339/185 
f 322/339/185 381/405/185 382/406/122 
f 379/407/95 300/343/87 324/341/166 
f 324/341/166 382/406/122 379/407/95 
f 244/258/211 368/392/196 367/391/20 
f 367/391/20 246/260/213 244/258/211 
f 243/257/210 369/393/199 368/392/196 
f 368/392/196 244/258/211 243/257/210 
f 240/254/207 370/394/201 369/393/199 
f 369/393/199 243/257/210 240/254/207 
f 239/253/206 371/395/320 370/394/201 
f 370/394/201 240/254/207 239/253/206 
f 277/291/239 373/397/184 372/396/228 
f 372/396/228 275/289/237 277/291/239 
f 275/289/237 372/396/228 374/398/230 
f 374/398/230 276/290/238 275/289/237 
f 276/290/238 374/398/230 375/399/232 
f 375/399/232 272/286/234 276/290/238 
f 272/286/234 375/399/232 371/395/320 
f 371/395/320 239/253/206 272/286/234 
f 246/260/213 367/391/20 376/400/253 
f 376/400/253 306/320/264 246/260/213 
f 306/320/264 376/400/253 377/401/255 
f 377/401/255 307/321/265 306/320/264 
f 307/321/265 377/401/255 378/402/257 
f 378/402/257 303/317/261 307/321/265 
f 303/317/261 378/402/257 379/403/95 
f 379/403/95 304/318/262 303/317/261 
f 330/351/283 380/404/275 373/397/184 
f 373/397/184 277/291/239 330/351/283 
f 329/350/282 381/405/185 380/404/275 
f 380/404/275 330/351/283 329/350/282 
f 326/347/279 382/406/122 381/405/185 
f 381/405/185 329/350/282 326/347/279 
f 304/346/262 379/407/95 382/406/122 
f 382/406/122 326/347/279 304/346/262 
f 335/357/288 383/408/2 384/409/3 
f 384/409/3 334/356/287 335/357/288 
f 336/358/289 385/410/6 383/408/2 
f 383/408/2 335/357/288 336/358/289 
f 337/359/290 386/411/8 385/410/6 
f 385/410/6 336/358/289 337/359/290 
f 338/360/291 387/412/321 386/411/8 
f 386/411/8 337/359/290 338/360/291 
f 340/362/293 388/413/43 389/414/44 
f 389/414/44 339/361/292 340/362/293 
f 339/361/292 389/414/44 390/415/47 
f 390/415/47 341/363/294 339/361/292 
f 341/363/294 390/415/47 391/416/49 
f 391/416/49 342/364/295 341/363/294 
f 342/364/295 391/416/49 387/412/321 
f 387/412/321 338/360/291 342/364/295 
f 334/356/287 384/409/3 392/417/75 
f 392/417/75 343/365/296 334/356/287 
f 343/365/296 392/417/75 393/418/77 
f 393/418/77 344/366/297 343/365/296 
f 344/366/297 393/418/77 394/419/79 
f 394/419/79 345/367/298 344/366/297 
f 345/367/298 394/419/79 395/420/322 
f 395/420/322 346/368/299 345/367/298 
f 347/369/300 396/421/109 388/413/43 
f 388/413/43 340/362/293 347/369/300 
f 348/370/301 397/422/111 396/421/109 
f 396/421/109 347/369/300 348/370/301 
f 349/371/302 398/423/113 397/422/111 
f 397/422/111 348/370/301 349/371/302 
f 346/372/299 395/424/322 398/423/113 
f 398/423/113 349/371/302 346/372/299 
f 399/425/196 217/231/168 216/230/167 
f 216/230/167 400/426/323 399/425/196 
f 401/427/23 219/233/169 217/231/168 
f 217/231/168 399/425/196 401/427/23 
f 402/428/25 221/235/170 219/233/169 
f 219/233/169 401/427/23 402/428/25 
f 403/429/203 223/237/191 221/235/170 
f 221/235/170 402/428/25 403/429/203 
f 404/430/184 252/266/173 255/269/172 
f 255/269/172 405/431/228 404/430/184 
f 405/431/228 255/269/172 257/271/174 
f 257/271/174 406/432/230 405/431/228 
f 406/432/230 257/271/174 259/273/175 
f 259/273/175 407/433/232 406/432/230 
f 407/433/232 259/273/175 223/237/191 
f 223/237/191 403/429/203 407/433/232 
f 400/426/323 216/230/167 283/297/176 
f 283/297/176 408/434/89 400/426/323 
f 408/434/89 283/297/176 285/299/177 
f 285/299/177 409/435/255 408/434/89 
f 409/435/255 285/299/177 287/301/178 
f 287/301/178 410/436/257 409/435/255 
f 410/436/257 287/301/178 289/303/248 
f 289/303/248 411/437/324 410/436/257 
f 412/438/118 313/327/180 252/266/173 
f 252/266/173 404/430/184 412/438/118 
f 413/439/120 315/329/181 313/327/180 
f 313/327/180 412/438/118 413/439/120 
f 414/440/122 317/331/182 315/329/181 
f 315/329/181 413/439/120 414/440/122 
f 411/441/324 289/333/248 317/331/182 
f 317/331/182 414/440/122 411/441/324 
f 383/408/2 399/425/196 400/426/323 
f 400/426/323 384/409/3 383/408/2 
f 385/410/6 401/427/23 399/425/196 
f 399/425/196 383/408/2 385/410/6 
f 386/411/8 402/428/25 401/427/23 
f 401/427/23 385/410/6 386/411/8 
f 387/412/321 403/429/203 402/428/25 
f 402/428/25 386/411/8 387/412/321 
f 388/413/43 404/430/184 405/431/228 
f 405/431/228 389/414/44 388/413/43 
f 389/414/44 405/431/228 406/432/230 
f 406/432/230 390/415/47 389/414/44 
f 390/415/47 406/432/230 407/433/232 
f 407/433/232 391/416/49 390/415/47 
f 391/416/49 407/433/232 403/429/203 
f 403/429/203 387/412/321 391/416/49 
f 384/409/3 400/426/323 408/434/89 
f 408/434/89 392/417/75 384/409/3 
f 392/417/75 408/434/89 409/435/255 
f 409/435/255 393/418/77 392/417/75 
f 393/418/77 409/435/255 410/436/257 
f 410/436/257 394/419/79 393/418/77 
f 394/419/79 410/436/257 411/437/324 
f 411/437/324 395/420/322 394/419/79 
f 396/421/109 412/438/118 404/430/184 
f 404/430/184 388/413/43 396/421/109 
f 397/422/111 413/439/120 412/438/118 
f 412/438/118 396/421/109 397/422/111 
f 398/423/113 414/440/122 413/439/120 
f 413/439/120 397/422/111 398/423/113 
f 395/424/322 411/441/324 414/440/122 
f 414/440/122 398/423/113 395/424/322 
f 415/442/325 416/443/326 417/444/327 
f 417/444/327 418/445/328 415/442/325 
f 419/446/329 420/447/330 416/443/326 
f 416/443/326 415/442/325 419/446/329 
f 421/448/331 422/449/332 420/447/330 
f 420/447/330 419/446/329 421/448/331 
f 423/450/333 424/451/334 422/449/332 
f 422/449/332 421/448/331 423/450/333 
f 425/452/335 426/453/336 424/451/334 
f 424/451/334 423/450/333 425/452/335 
f 427/454/337 428/455/338 426/453/336 
f 426/453/336 425/452/335 427/454/337 
f 429/456/339 430/457/340 428/455/338 
f 428/455/338 427/454/337 429/456/339 
f 431/458/341 432/459/342 430/457/340 
f 430/457/340 429/456/339 431/458/341 
f 433/460/343 434/461/344 432/462/342 
f 432/462/342 431/463/341 433/460/343 
f 435/464/345 436/465/346 434/461/344 
f 434/461/344 433/460/343 435/464/345 
f 437/466/347 438/467/348 436/465/346 
f 436/465/346 435/464/345 437/466/347 
f 439/468/349 440/469/350 438/467/348 
f 438/467/348 437/466/347 439/468/349 
f 441/470/351 442/471/352 440/469/350 
f 440/469/350 439/468/349 441/470/351 
f 443/472/353 444/473/354 442/471/352 
f 442/471/352 441/470/351 443/472/353 
f 445/474/355 446/475/356 444/473/354 
f 444/473/354 443/472/353 445/474/355 
f 418/476/328 417/477/327 446/475/356 
f 446/475/356 445/474/355 418/476/328 
f 447/478/357 448/479/358 449/480/359 
f 449/480/359 450/481/360 447/478/357 
f 451/482/361 447/478/357 450/481/360 
f 450/481/360 452/483/362 451/482/361 
f 453/484/363 451/482/361 452/483/362 
f 452/483/362 454/485/364 453/484/363 
f 455/486/365 453/484/363 454/485/364 
f 454/485/364 456/487/366 455/486/365 
f 457/488/367 455/486/365 456/487/366 
f 456/487/366 458/489/368 457/488/367 
f 459/490/369 457/488/367 458/489/368 
f 458/489/368 460/491/370 459/490/369 
f 461/492/371 459/490/369 460/491/370 
f 460/491/370 462/493/372 461/492/371 
f 463/494/373 461/492/371 462/493/372 
f 462/493/372 464/495/374 463/494/373 
f 465/496/375 463/497/373 464/498/374 
f 464/498/374 466/499/376 465/496/375 
f 467/500/377 465/496/375 466/499/376 
f 466/499/376 468/501/378 467/500/377 
f 469/502/379 467/500/377 468/501/378 
f 468/501/378 470/503/380 469/502/379 
f 471/504/381 469/502/379 470/503/380 
f 470/503/380 472/505/382 471/504/381 
f 473/506/383 471/504/381 472/505/382 
f 472/505/382 474/507/384 473/506/383 
f 475/508/385 473/506/383 474/507/384 
f 474/507/384 476/509/386 475/508/385 
f 477/510/387 475/508/385 476/509/386 
f 476/509/386 478/511/388 477/510/387 
f 448/512/358 477/510/387 478/511/388 
f 478/511/388 449/513/359 448/512/358 
f 479/514/389 480/515/390 481/516/391 
f 481/516/391 482/517/392 479/514/389 
f 483/518/393 479/514/389 482/517/392 
f 482/517/392 484/519/394 483/518/393 
f 485/520/395 483/518/393 484/519/394 
f 484/519/394 486/521/396 485/520/395 
f 487/522/397 485/520/395 486/521/396 
f 486/521/396 488/523/398 487/522/397 
f 489/524/399 487/522/397 488/523/398 
f 488/523/398 490/525/400 489/524/399 
f 491/526/401 489/524/399 490/525/400 
f 490/525/400 492/527/402 491/526/401 
f 493/528/403 491/526/401 492/527/402 
f 492/527/402 494/529/404 493/528/403 
f 495/530/405 493/528/403 494/529/404 
f 494/529/404 496/531/406 495/530/405 
f 497/532/407 495/533/405 496/534/406 
f 496/534/406 498/535/408 497/532/407 
f 499/536/409 497/532/407 498/535/408 
f 498/535/408 500/537/410 499/536/409 
f 501/538/411 499/536/409 500/537/410 
f 500/537/410 502/539/412 501/538/411 
f 503/540/413 501/538/411 502/539/412 
f 502/539/412 504/541/414 503/540/413 
f 505/542/415 503/540/413 504/541/414 
f 504/541/414 506/543/416 505/542/415 
f 507/544/417 505/542/415 506/543/416 
f 506/543/416 508/545/418 507/544/417 
f 509/546/419 507/544/417 508/545/418 
f 508/545/418 510/547/420 509/546/419 
f 480/548/390 509/546/419 510/547/420 
f 510/547/420 481/549/391 480/548/390 
f 450/481/360 449/480/359 511/550/421 
f 511/550/421 512/551/422 450/481/360 
f 452/483/362 450/481/360 512/551/422 
f 512/551/422 513/552/423 452/483/362 
f 454/485/364 452/483/362 513/552/423 
f 513/552/423 514/553/424 454/485/364 
f 456/487/366 454/485/364 514/553/424 
f 514/553/424 515/554/425 456/487/366 
f 458/489/368 456/487/366 515/554/425 
f 515/554/425 516/555/426 458/489/368 
f 460/491/370 458/489/368 516/555/426 
f 516/555/426 517/556/427 460/491/370 
f 462/493/372 460/491/370 517/556/427 
f 517/556/427 518/557/428 462/493/372 
f 464/495/374 462/493/372 518/557/428 
f 518/557/428 519/558/429 464/495/374 
f 466/499/376 464/498/374 519/559/429 
f 519/559/429 520/560/430 466/499/376 
f 468/501/378 466/499/376 520/560/430 
f 520/560/430 521/561/431 468/501/378 
f 470/503/380 468/501/378 521/561/431 
f 521/561/431 522/562/432 470/503/380 
f 472/505/382 470/503/380 522/562/432 
f 522/562/432 523/563/433 472/505/382 
f 474/507/384 472/505/382 523/563/433 
f 523/563/433 524/564/434 474/507/384 
f 476/509/386 474/507/384 524/564/434 
f 524/564/434 525/565/435 476/509/386 
f 478/511/388 476/509/386 525/565/435 
f 525/565/435 526/566/436 478/511/388 
f 449/513/359 478/511/388 526/566/436 
f 526/566/436 511/567/421 449/513/359 
f 527/568/437 528/569/438 529/570/439 
f 529/570/439 530/571/440 527/568/437 
f 531/572/441 532/573/442 528/569/438 
f 528/569/438 527/568/437 531/572/441 
f 533/574/443 534/575/444 532/573/442 
f 532/573/442 531/572/441 533/574/443 
f 535/576/445 536/577/446 534/575/444 
f 534/575/444 533/574/443 535/576/445 
f 537/578/447 538/579/448 536/577/446 
f 536/577/446 535/576/445 537/578/447 
f 539/580/449 540/581/450 538/579/448 
f 538/579/448 537/578/447 539/580/449 
f 541/582/451 542/583/452 540/581/450 
f 540/581/450 539/580/449 541/582/451 
f 543/584/453 544/585/454 542/583/452 
f 542/583/452 541/582/451 543/584/453 
f 545/586/455 546/587/456 544/588/454 
f 544/588/454 543/589/453 545/586/455 
f 547/590/457 548/591/458 546/587/456 
f 546/587/456 545/586/455 547/590/457 
f 549/592/459 550/593/460 548/591/458 
f 548/591/458 547/590/457 549/592/459 
f 551/594/461 552/595/462 550/593/460 
f 550/593/460 549/592/459 551/594/461 
f 553/596/463 554/597/464 552/595/462 
f 552/595/462 551/594/461 553/596/463 
f 555/598/465 556/599/466 554/597/464 
f 554/597/464 553/596/463 555/598/465 
f 557/600/467 558/601/468 556/599/466 
f 556/599/466 555/598/465 557/600/467 
f 530/602/440 529/603/439 558/601/468 
f 558/601/468 557/600/467 530/602/440 
f 559/604/469 560/605/470 561/606/471 
f 561/606/471 562/607/472 559/604/469 
f 563/608/473 559/604/469 562/607/472 
f 562/607/472 564/609/474 563/608/473 
f 565/610/475 563/608/473 564/609/474 
f 564/609/474 566/611/476 565/610/475 
f 567/612/477 565/610/475 566/611/476 
f 566/611/476 568/613/478 567/612/477 
f 569/614/479 567/612/477 568/613/478 
f 568/613/478 570/615/480 569/614/479 
f 571/616/481 569/614/479 570/615/480 
f 570/615/480 572/617/482 571/616/481 
f 573/618/483 571/616/481 572/617/482 
f 572/617/482 574/619/484 573/618/483 
f 575/620/485 573/618/483 574/619/484 
f 574/619/484 576/621/486 575/620/485 
f 577/622/487 575/623/485 576/624/486 
f 576/624/486 578/625/488 577/622/487 
f 579/626/489 577/622/487 578/625/488 
f 578/625/488 580/627/490 579/626/489 
f 581/628/491 579/626/489 580/627/490 
f 580/627/490 582/629/492 581/628/491 
f 583/630/493 581/628/491 582/629/492 
f 582/629/492 584/631/494 583/630/493 
f 585/632/495 583/630/493 584/631/494 
f 584/631/494 586/633/496 585/632/495 
f 587/634/497 585/632/495 586/633/496 
f 586/633/496 588/635/498 587/634/497 
f 589/636/499 587/634/497 588/635/498 
f 588/635/498 590/637/500 589/636/499 
f 560/638/470 589/636/499 590/637/500 
f 590/637/500 561/639/471 560/638/470 
f 591/640/501 592/641/502 415/442/325 
f 415/442/325 418/445/328 591/640/501 
f 592/641/502 593/642/503 419/446/329 
f 419/446/329 415/442/325 592/641/502 
f 593/642/503 594/643/504 421/448/331 
f 421/448/331 419/446/329 593/642/503 
f 594/643/504 595/644/505 423/450/333 
f 423/450/333 421/448/331 594/643/504 
f 595/644/505 596/645/506 425/452/335 
f 425/452/335 423/450/333 595/644/505 
f 596/645/506 597/646/507 427/454/337 
f 427/454/337 425/452/335 596/645/506 
f 597/646/507 598/647/508 429/456/339 
f 429/456/339 427/454/337 597/646/507 
f 598/647/508 599/648/509 431/458/341 
f 431/458/341 429/456/339 598/647/508 
f 599/649/509 600/650/510 433/460/343 
f 433/460/343 431/463/341 599/649/509 
f 600/650/510 601/651/511 435/464/345 
f 435/464/345 433/460/343 600/650/510 
f 601/651/511 602/652/512 437/466/347 
f 437/466/347 435/464/345 601/651/511 
f 602/652/512 603/653/513 439/468/349 
f 439/468/349 437/466/347 602/652/512 
f 603/653/513 604/654/514 441/470/351 
f 441/470/351 439/468/349 603/653/513 
f 604/654/514 605/655/515 443/472/353 
f 443/472/353 441/470/351 604/654/514 
f 605/655/515 606/656/516 445/474/355 
f 445/474/355 443/472/353 605/655/515 
f 606/656/516 591/657/501 418/476/328 
f 418/476/328 445/474/355 606/656/516 
f 562/607/472 561/606/471 417/444/327 
f 417/444/327 416/443/326 562/607/472 
f 561/639/471 590/637/500 446/475/356 
f 446/475/356 417/477/327 561/639/471 
f 590/637/500 588/635/498 444/473/354 
f 444/473/354 446/475/356 590/637/500 
f 588/635/498 586/633/496 442/471/352 
f 442/471/352 444/473/354 588/635/498 
f 586/633/496 584/631/494 440/469/350 
f 440/469/350 442/471/352 586/633/496 
f 584/631/494 582/629/492 438/467/348 
f 438/467/348 440/469/350 584/631/494 
f 582/629/492 580/627/490 436/465/346 
f 436/465/346 438/467/348 582/629/492 
f 580/627/490 578/625/488 434/461/344 
f 434/461/344 436/465/346 580/627/490 
f 578/625/488 576/624/486 432/462/342 
f 432/462/342 434/461/344 578/625/488 
f 576/621/486 574/619/484 430/457/340 
f 430/457/340 432/459/342 576/621/486 
f 574/619/484 572/617/482 428/455/338 
f 428/455/338 430/457/340 574/619/484 
f 572/617/482 570/615/480 426/453/336 
f 426/453/336 428/455/338 572/617/482 
f 570/615/480 568/613/478 424/451/334 
f 424/451/334 426/453/336 570/615/480 
f 568/613/478 566/611/476 422/449/332 
f 422/449/332 424/451/334 568/613/478 
f 566/611/476 564/609/474 420/447/330 
f 420/447/330 422/449/332 566/611/476 
f 564/609/474 562/607/472 416/443/326 
f 416/443/326 420/447/330 564/609/474 
f 592/641/502 591/640/501 607/658/95 
f 593/642/503 592/641/502 607/658/95 
f 594/643/504 593/642/503 607/658/95 
f 595/644/505 594/643/504 607/658/95 
f 596/645/506 595/644/505 607/658/95 
f 597/646/507 596/645/506 607/658/95 
f 598/647/508 597/646/507 607/658/95 
f 599/648/509 598/647/508 607/658/95 
f 600/650/510 599/649/509 607/659/95 
f 601/651/511 600/650/510 607/659/95 
f 602/652/512 601/651/511 607/659/95 
f 603/653/513 602/652/512 607/659/95 
f 604/654/514 603/653/513 607/659/95 
f 605/655/515 604/654/514 607/659/95 
f 606/656/516 605/655/515 607/659/95 
f 591/657/501 606/656/516 607/659/95 
f 512/551/422 511/550/421 529/570/439 
f 529/570/439 528/569/438 512/551/422 
f 513/552/423 512/551/422 528/569/438 
f 528/569/438 532/573/442 513/552/423 
f 514/553/424 513/552/423 532/573/442 
f 532/573/442 534/575/444 514/553/424 
f 515/554/425 514/553/424 534/575/444 
f 534/575/444 536/577/446 515/554/425 
f 516/555/426 515/554/425 536/577/446 
f 536/577/446 538/579/448 516/555/426 
f 517/556/427 516/555/426 538/579/448 
f 538/579/448 540/581/450 517/556/427 
f 518/557/428 517/556/427 540/581/450 
f 540/581/450 542/583/452 518/557/428 
f 519/558/429 518/557/428 542/583/452 
f 542/583/452 544/585/454 519/558/429 
f 520/560/430 519/559/429 544/588/454 
f 544/588/454 546/587/456 520/560/430 
f 521/561/431 520/560/430 546/587/456 
f 546/587/456 548/591/458 521/561/431 
f 522/562/432 521/561/431 548/591/458 
f 548/591/458 550/593/460 522/562/432 
f 523/563/433 522/562/432 550/593/460 
f 550/593/460 552/595/462 523/563/433 
f 524/564/434 523/563/433 552/595/462 
f 552/595/462 554/597/464 524/564/434 
f 525/565/435 524/564/434 554/597/464 
f 554/597/464 556/599/466 525/565/435 
f 526/566/436 525/565/435 556/599/466 
f 556/599/466 558/601/468 526/566/436 
f 511/567/421 526/566/436 558/601/468 
f 558/601/468 529/603/439 511/567/421 
f 527/568/437 530/571/440 480/515/390 
f 480/515/390 479/514/389 527/568/437 
f 531/572/441 527/568/437 479/514/389 
f 479/514/389 483/518/393 531/572/441 
f 533/574/443 531/572/441 483/518/393 
f 483/518/393 485/520/395 533/574/443 
f 535/576/445 533/574/443 485/520/395 
f 485/520/395 487/522/397 535/576/445 
f 537/578/447 535/576/445 487/522/397 
f 487/522/397 489/524/399 537/578/447 
f 539/580/449 537/578/447 489/524/399 
f 489/524/399 491/526/401 539/580/449 
f 541/582/451 539/580/449 491/526/401 
f 491/526/401 493/528/403 541/582/451 
f 543/584/453 541/582/451 493/528/403 
f 493/528/403 495/530/405 543/584/453 
f 545/586/455 543/589/453 495/533/405 
f 495/533/405 497/532/407 545/586/455 
f 547/590/457 545/586/455 497/532/407 
f 497/532/407 499/536/409 547/590/457 
f 549/592/459 547/590/457 499/536/409 
f 499/536/409 501/538/411 549/592/459 
f 551/594/461 549/592/459 501/538/411 
f 501/538/411 503/540/413 551/594/461 
f 553/596/463 551/594/461 503/540/413 
f 503/540/413 505/542/415 553/596/463 
f 555/598/465 553/596/463 505/542/415 
f 505/542/415 507/544/417 555/598/465 
f 557/600/467 555/598/465 507/544/417 
f 507/544/417 509/546/419 557/600/467 
f 530/602/440 557/600/467 509/546/419 
f 509/546/419 480/548/390 530/602/440 
f 447/478/357 608/660/517 609/661/518 
f 609/661/518 448/479/358 447/478/357 
f 451/482/361 610/662/519 608/660/517 
f 608/660/517 447/478/357 451/482/361 
f 453/484/363 611/663/520 610/662/519 
f 610/662/519 451/482/361 453/484/363 
f 455/486/365 612/664/521 611/663/520 
f 611/663/520 453/484/363 455/486/365 
f 457/488/367 613/665/522 612/664/521 
f 612/664/521 455/486/365 457/488/367 
f 459/490/369 614/666/523 613/665/522 
f 613/665/522 457/488/367 459/490/369 
f 461/492/371 615/667/524 614/666/523 
f 614/666/523 459/490/369 461/492/371 
f 463/494/373 616/668/525 615/667/524 
f 615/667/524 461/492/371 463/494/373 
f 465/496/375 617/669/526 616/670/525 
f 616/670/525 463/497/373 465/496/375 
f 467/500/377 618/671/527 617/669/526 
f 617/669/526 465/496/375 467/500/377 
f 469/502/379 619/672/528 618/671/527 
f 618/671/527 467/500/377 469/502/379 
f 471/504/381 620/673/529 619/672/528 
f 619/672/528 469/502/379 471/504/381 
f 473/506/383 621/674/530 620/673/529 
f 620/673/529 471/504/381 473/506/383 
f 475/508/385 622/675/531 621/674/530 
f 621/674/530 473/506/383 475/508/385 
f 477/510/387 623/676/532 622/675/531 
f 622/675/531 475/508/385 477/510/387 
f 448/512/358 609/677/518 623/676/532 
f 623/676/532 477/510/387 448/512/358 
f 624/678/533 625/679/534 626/680/535 
f 626/680/535 627/681/536 624/678/533 
f 625/679/534 628/682/537 629/683/538 
f 629/683/538 626/680/535 625/679/534 
f 628/682/537 630/684/539 631/685/540 
f 631/685/540 629/683/538 628/682/537 
f 630/684/539 632/686/541 633/687/542 
f 633/687/542 631/685/540 630/684/539 
f 632/686/541 634/688/543 635/689/544 
f 635/689/544 633/687/542 632/686/541 
f 634/688/543 636/690/545 637/691/546 
f 637/691/546 635/689/544 634/688/543 
f 636/690/545 638/692/547 639/693/548 
f 639/693/548 637/691/546 636/690/545 
f 638/692/547 640/694/549 641/695/550 
f 641/695/550 639/693/548 638/692/547 
f 640/696/549 642/697/551 643/698/552 
f 643/698/552 641/699/550 640/696/549 
f 642/697/551 644/700/553 645/701/554 
f 645/701/554 643/698/552 642/697/551 
f 644/700/553 646/702/555 647/703/556 
f 647/703/556 645/701/554 644/700/553 
f 646/702/555 648/704/557 649/705/558 
f 649/705/558 647/703/556 646/702/555 
f 648/704/557 650/706/559 651/707/560 
f 651/707/560 649/705/558 648/704/557 
f 650/706/559 652/708/561 653/709/562 
f 653/709/562 651/707/560 650/706/559 
f 652/708/561 654/710/563 655/711/564 
f 655/711/564 653/709/562 652/708/561 
f 654/710/563 624/712/533 627/713/536 
f 627/713/536 655/711/564 654/710/563 
f 627/681/536 626/680/535 656/714/565 
f 656/714/565 657/715/566 627/681/536 
f 626/680/535 629/683/538 658/716/567 
f 658/716/567 656/714/565 626/680/535 
f 629/683/538 631/685/540 659/717/568 
f 659/717/568 658/716/567 629/683/538 
f 631/685/540 633/687/542 660/718/569 
f 660/718/569 659/717/568 631/685/540 
f 633/687/542 635/689/544 661/719/570 
f 661/719/570 660/718/569 633/687/542 
f 635/689/544 637/691/546 662/720/571 
f 662/720/571 661/719/570 635/689/544 
f 637/691/546 639/693/548 663/721/572 
f 663/721/572 662/720/571 637/691/546 
f 639/693/548 641/695/550 664/722/573 
f 664/722/573 663/721/572 639/693/548 
f 641/699/550 643/698/552 665/723/574 
f 665/723/574 664/724/573 641/699/550 
f 643/698/552 645/701/554 666/725/575 
f 666/725/575 665/723/574 643/698/552 
f 645/701/554 647/703/556 667/726/576 
f 667/726/576 666/725/575 645/701/554 
f 647/703/556 649/705/558 668/727/577 
f 668/727/577 667/726/576 647/703/556 
f 649/705/558 651/707/560 669/728/578 
f 669/728/578 668/727/577 649/705/558 
f 651/707/560 653/709/562 670/729/579 
f 670/729/579 669/728/578 651/707/560 
f 653/709/562 655/711/564 671/730/580 
f 671/730/580 670/729/579 653/709/562 
f 655/711/564 627/713/536 657/731/566 
f 657/731/566 671/730/580 655/711/564 
f 657/715/566 656/714/565 672/732/581 
f 672/732/581 673/733/582 657/715/566 
f 656/714/565 658/716/567 674/734/583 
f 674/734/583 672/732/581 656/714/565 
f 658/716/567 659/717/568 675/735/584 
f 675/735/584 674/734/583 658/716/567 
f 659/717/568 660/718/569 676/736/585 
f 676/736/585 675/735/584 659/717/568 
f 660/718/569 661/719/570 677/737/586 
f 677/737/586 676/736/585 660/718/569 
f 661/719/570 662/720/571 678/738/587 
f 678/738/587 677/737/586 661/719/570 
f 662/720/571 663/721/572 679/739/588 
f 679/739/588 678/738/587 662/720/571 
f 663/721/572 664/722/573 680/740/589 
f 680/740/589 679/739/588 663/721/572 
f 664/724/573 665/723/574 681/741/590 
f 681/741/590 680/742/589 664/724/573 
f 665/723/574 666/725/575 682/743/591 
f 682/743/591 681/741/590 665/723/574 
f 666/725/575 667/726/576 683/744/592 
f 683/744/592 682/743/591 666/725/575 
f 667/726/576 668/727/577 684/745/593 
f 684/745/593 683/744/592 667/726/576 
f 668/727/577 669/728/578 685/746/594 
f 685/746/594 684/745/593 668/727/577 
f 669/728/578 670/729/579 686/747/595 
f 686/747/595 685/746/594 669/728/578 
f 670/729/579 671/730/580 687/748/596 
f 687/748/596 686/747/595 670/729/579 
f 671/730/580 657/731/566 673/749/582 
f 673/749/582 687/748/596 671/730/580 
f 673/733/582 672/732/581 688/750/203 
f 672/732/581 674/734/583 688/750/203 
f 674/734/583 675/735/584 688/750/203 
f 675/735/584 676/736/585 688/750/203 
f 676/736/585 677/737/586 688/750/203 
f 677/737/586 678/738/587 688/750/203 
f 678/738/587 679/739/588 688/750/203 
f 679/739/588 680/740/589 688/750/203 
f 680/742/589 681/741/590 688/751/203 
f 681/741/590 682/743/591 688/751/203 
f 682/743/591 683/744/592 688/751/203 
f 683/744/592 684/745/593 688/751/203 
f 684/745/593 685/746/594 688/751/203 
f 685/746/594 686/747/595 688/751/203 
f 686/747/595 687/748/596 688/751/203 
f 687/748/596 673/749/582 688/751/203 
f 482/517/392 481/516/391 689/752/470 
f 689/752/470 690/753/469 482/517/392 
f 484/519/394 482/517/392 690/753/469 
f 690/753/469 691/754/473 484/519/394 
f 486/521/396 484/519/394 691/754/473 
f 691/754/473 692/755/475 486/521/396 
f 488/523/398 486/521/396 692/755/475 
f 692/755/475 693/756/477 488/523/398 
f 490/525/400 488/523/398 693/756/477 
f 693/756/477 694/757/479 490/525/400 
f 492/527/402 490/525/400 694/757/479 
f 694/757/479 695/758/481 492/527/402 
f 494/529/404 492/527/402 695/758/481 
f 695/758/481 696/759/483 494/529/404 
f 496/531/406 494/529/404 696/759/483 
f 696/759/483 697/760/485 496/531/406 
f 498/535/408 496/534/406 697/761/485 
f 697/761/485 698/762/487 498/535/408 
f 500/537/410 498/535/408 698/762/487 
f 698/762/487 699/763/489 500/537/410 
f 502/539/412 500/537/410 699/763/489 
f 699/763/489 700/764/491 502/539/412 
f 504/541/414 502/539/412 700/764/491 
f 700/764/491 701/765/493 504/541/414 
f 506/543/416 504/541/414 701/765/493 
f 701/765/493 702/766/495 506/543/416 
f 508/545/418 506/543/416 702/766/495 
f 702/766/495 703/767/497 508/545/418 
f 510/547/420 508/545/418 703/767/497 
f 703/767/497 704/768/499 510/547/420 
f 481/549/391 510/547/420 704/768/499 
f 704/768/499 689/769/470 481/549/391 
f 690/753/469 689/752/470 560/605/470 
f 560/605/470 559/604/469 690/753/469 
f 691/754/473 690/753/469 559/604/469 
f 559/604/469 563/608/473 691/754/473 
f 692/755/475 691/754/473 563/608/473 
f 563/608/473 565/610/475 692/755/475 
f 693/756/477 692/755/475 565/610/475 
f 565/610/475 567/612/477 693/756/477 
f 694/757/479 693/756/477 567/612/477 
f 567/612/477 569/614/479 694/757/479 
f 695/758/481 694/757/479 569/614/479 
f 569/614/479 571/616/481 695/758/481 
f 696/759/483 695/758/481 571/616/481 
f 571/616/481 573/618/483 696/759/483 
f 697/760/485 696/759/483 573/618/483 
f 573/618/483 575/620/485 697/760/485 
f 698/762/487 697/761/485 575/623/485 
f 575/623/485 577/622/487 698/762/487 
f 699/763/489 698/762/487 577/622/487 
f 577/622/487 579/626/489 699/763/489 
f 700/764/491 699/763/489 579/626/489 
f 579/626/489 581/628/491 700/764/491 
f 701/765/493 700/764/491 581/628/491 
f 581/628/491 583/630/493 701/765/493 
f 702/766/495 701/765/493 583/630/493 
f 583/630/493 585/632/495 702/766/495 
f 703/767/497 702/766/495 585/632/495 
f 585/632/495 587/634/497 703/767/497 
f 704/768/499 703/767/497 587/634/497 
f 587/634/497 589/636/499 704/768/499 
f 689/769/470 704/768/499 589/636/499 
f 589/636/499 560/638/470 689/769/470 
# 1368 faces

